label,file
E,recorded_triggers\E\trigger_0001_20260511_235932_878739.wav
E,recorded_triggers\E\trigger_0001_20260512_000048_591095.wav
E,recorded_triggers\E\trigger_0001_20260512_214749_993648.wav
E,recorded_triggers\E\trigger_0002_20260511_235933_801778.wav
E,recorded_triggers\E\trigger_0002_20260512_000049_524023.wav
E,recorded_triggers\E\trigger_0002_20260512_214750_869540.wav
E,recorded_triggers\E\trigger_0003_20260511_235934_715583.wav
E,recorded_triggers\E\trigger_0003_20260512_000050_452815.wav
E,recorded_triggers\E\trigger_0003_20260512_214751_808876.wav
E,recorded_triggers\E\trigger_0004_20260511_235935_629718.wav
E,recorded_triggers\E\trigger_0004_20260512_000051_346879.wav
E,recorded_triggers\E\trigger_0004_20260512_214753_806645.wav
E,recorded_triggers\E\trigger_0005_20260511_235936_581649.wav
E,recorded_triggers\E\trigger_0005_20260512_000052_233560.wav
E,recorded_triggers\E\trigger_0005_20260512_214754_634770.wav
E,recorded_triggers\E\trigger_0006_20260511_235937_537315.wav
E,recorded_triggers\E\trigger_0006_20260512_000053_133129.wav
E,recorded_triggers\E\trigger_0006_20260512_214755_487917.wav
E,recorded_triggers\E\trigger_0007_20260511_235938_457331.wav
E,recorded_triggers\E\trigger_0007_20260512_000054_050203.wav
E,recorded_triggers\E\trigger_0007_20260512_214756_342090.wav
E,recorded_triggers\E\trigger_0008_20260511_235939_411734.wav
E,recorded_triggers\E\trigger_0008_20260512_000055_005490.wav
E,recorded_triggers\E\trigger_0008_20260512_214757_234902.wav
E,recorded_triggers\E\trigger_0009_20260511_235940_316102.wav
E,recorded_triggers\E\trigger_0009_20260512_000055_964952.wav
E,recorded_triggers\E\trigger_0009_20260512_214758_081359.wav
E,recorded_triggers\E\trigger_0010_20260511_235941_232346.wav
E,recorded_triggers\E\trigger_0010_20260512_000056_877941.wav
E,recorded_triggers\E\trigger_0010_20260512_214758_937954.wav
E,recorded_triggers\E\trigger_0011_20260511_235942_126464.wav
E,recorded_triggers\E\trigger_0011_20260512_000057_829433.wav
E,recorded_triggers\E\trigger_0011_20260512_214759_794217.wav
E,recorded_triggers\E\trigger_0012_20260511_235943_065186.wav
E,recorded_triggers\E\trigger_0012_20260512_000058_754117.wav
E,recorded_triggers\E\trigger_0012_20260512_214800_665033.wav
E,recorded_triggers\E\trigger_0013_20260511_235943_991537.wav
E,recorded_triggers\E\trigger_0013_20260512_000059_694823.wav
E,recorded_triggers\E\trigger_0013_20260512_214801_528229.wav
E,recorded_triggers\E\trigger_0014_20260511_235944_891834.wav
E,recorded_triggers\E\trigger_0014_20260512_000100_624090.wav
E,recorded_triggers\E\trigger_0014_20260512_214802_386076.wav
E,recorded_triggers\E\trigger_0015_20260511_235945_790782.wav
E,recorded_triggers\E\trigger_0015_20260512_000101_501613.wav
E,recorded_triggers\E\trigger_0015_20260512_214803_257911.wav
E,recorded_triggers\E\trigger_0016_20260511_235946_684261.wav
E,recorded_triggers\E\trigger_0016_20260512_000102_443138.wav
E,recorded_triggers\E\trigger_0016_20260512_214804_102389.wav
E,recorded_triggers\E\trigger_0017_20260511_235947_645237.wav
E,recorded_triggers\E\trigger_0017_20260512_000103_340349.wav
E,recorded_triggers\E\trigger_0017_20260512_214804_981141.wav
E,recorded_triggers\E\trigger_0018_20260511_235948_568074.wav
E,recorded_triggers\E\trigger_0018_20260512_000104_210889.wav
E,recorded_triggers\E\trigger_0018_20260512_214805_816176.wav
E,recorded_triggers\E\trigger_0019_20260511_235949_464413.wav
E,recorded_triggers\E\trigger_0019_20260512_000105_081694.wav
E,recorded_triggers\E\trigger_0019_20260512_214806_678173.wav
E,recorded_triggers\E\trigger_0020_20260511_235950_365629.wav
E,recorded_triggers\E\trigger_0020_20260512_000105_979251.wav
E,recorded_triggers\E\trigger_0020_20260512_214807_537685.wav
E,recorded_triggers\E\trigger_0021_20260511_235951_293264.wav
E,recorded_triggers\E\trigger_0021_20260512_000106_885501.wav
E,recorded_triggers\E\trigger_0021_20260512_214808_391606.wav
E,recorded_triggers\E\trigger_0022_20260511_235952_197550.wav
E,recorded_triggers\E\trigger_0022_20260512_000107_847929.wav
E,recorded_triggers\E\trigger_0022_20260512_214809_214222.wav
E,recorded_triggers\E\trigger_0023_20260511_235953_102238.wav
E,recorded_triggers\E\trigger_0023_20260512_000108_769779.wav
E,recorded_triggers\E\trigger_0023_20260512_214810_024853.wav
E,recorded_triggers\E\trigger_0024_20260511_235954_077624.wav
E,recorded_triggers\E\trigger_0024_20260512_000109_692413.wav
E,recorded_triggers\E\trigger_0024_20260512_214810_834752.wav
E,recorded_triggers\E\trigger_0025_20260511_235955_015884.wav
E,recorded_triggers\E\trigger_0025_20260512_000110_646783.wav
E,recorded_triggers\E\trigger_0025_20260512_214811_646804.wav
E,recorded_triggers\E\trigger_0026_20260511_235955_953444.wav
E,recorded_triggers\E\trigger_0026_20260512_000111_548760.wav
E,recorded_triggers\E\trigger_0026_20260512_214812_444136.wav
E,recorded_triggers\E\trigger_0027_20260511_235956_894067.wav
E,recorded_triggers\E\trigger_0027_20260512_000112_496470.wav
E,recorded_triggers\E\trigger_0027_20260512_214813_285367.wav
E,recorded_triggers\E\trigger_0028_20260511_235957_823505.wav
E,recorded_triggers\E\trigger_0028_20260512_000113_454766.wav
E,recorded_triggers\E\trigger_0028_20260512_214814_089938.wav
E,recorded_triggers\E\trigger_0029_20260511_235958_761704.wav
E,recorded_triggers\E\trigger_0029_20260512_000114_372478.wav
E,recorded_triggers\E\trigger_0029_20260512_214814_919911.wav
E,recorded_triggers\E\trigger_0030_20260511_235959_708678.wav
E,recorded_triggers\E\trigger_0030_20260512_000115_299903.wav
E,recorded_triggers\E\trigger_0030_20260512_214815_754152.wav
E,recorded_triggers\E\trigger_0031_20260512_000000_649467.wav
E,recorded_triggers\E\trigger_0031_20260512_000116_219845.wav
E,recorded_triggers\E\trigger_0032_20260512_000001_544854.wav
E,recorded_triggers\E\trigger_0032_20260512_000117_185194.wav
E,recorded_triggers\E\trigger_0033_20260512_000002_469551.wav
E,recorded_triggers\E\trigger_0033_20260512_000118_098778.wav
E,recorded_triggers\E\trigger_0034_20260512_000003_391953.wav
E,recorded_triggers\E\trigger_0034_20260512_000119_029175.wav
E,recorded_triggers\E\trigger_0035_20260512_000004_316582.wav
E,recorded_triggers\E\trigger_0035_20260512_000119_976732.wav
E,recorded_triggers\E\trigger_0036_20260512_000005_210896.wav
E,recorded_triggers\E\trigger_0036_20260512_000120_960310.wav
E,recorded_triggers\E\trigger_0037_20260512_000006_171922.wav
E,recorded_triggers\E\trigger_0037_20260512_000121_902358.wav
E,recorded_triggers\E\trigger_0038_20260512_000007_100236.wav
E,recorded_triggers\E\trigger_0038_20260512_000122_850917.wav
E,recorded_triggers\E\trigger_0039_20260512_000008_041438.wav
E,recorded_triggers\E\trigger_0039_20260512_000123_800563.wav
E,recorded_triggers\E\trigger_0040_20260512_000008_991433.wav
E,recorded_triggers\E\trigger_0040_20260512_000124_768696.wav
E,recorded_triggers\E\trigger_0041_20260512_000009_945719.wav
E,recorded_triggers\E\trigger_0041_20260512_000125_722309.wav
E,recorded_triggers\E\trigger_0042_20260512_000010_885963.wav
E,recorded_triggers\E\trigger_0042_20260512_000126_668432.wav
E,recorded_triggers\E\trigger_0043_20260512_000011_770873.wav
E,recorded_triggers\E\trigger_0043_20260512_000127_608438.wav
E,recorded_triggers\E\trigger_0044_20260512_000012_733152.wav
E,recorded_triggers\E\trigger_0044_20260512_000128_589508.wav
E,recorded_triggers\E\trigger_0045_20260512_000013_656847.wav
E,recorded_triggers\E\trigger_0045_20260512_000129_557592.wav
E,recorded_triggers\E\trigger_0046_20260512_000014_575717.wav
E,recorded_triggers\E\trigger_0046_20260512_000130_548425.wav
E,recorded_triggers\E\trigger_0047_20260512_000015_491812.wav
E,recorded_triggers\E\trigger_0047_20260512_000131_481077.wav
E,recorded_triggers\E\trigger_0048_20260512_000016_404277.wav
E,recorded_triggers\E\trigger_0048_20260512_000132_428198.wav
E,recorded_triggers\E\trigger_0049_20260512_000017_343240.wav
E,recorded_triggers\E\trigger_0049_20260512_000133_395448.wav
E,recorded_triggers\E\trigger_0050_20260512_000018_295353.wav
E,recorded_triggers\E\trigger_0050_20260512_000134_365210.wav
E,recorded_triggers\E\trigger_0051_20260512_000019_269645.wav
E,recorded_triggers\E\trigger_0051_20260512_000135_440628.wav
E,recorded_triggers\E\trigger_0052_20260512_000020_327419.wav
H,recorded_triggers\H\trigger_0001_20260512_000218_252414.wav
H,recorded_triggers\H\trigger_0001_20260512_000320_552614.wav
H,recorded_triggers\H\trigger_0001_20260512_214955_420959.wav
H,recorded_triggers\H\trigger_0002_20260512_000219_192770.wav
H,recorded_triggers\H\trigger_0002_20260512_000321_423762.wav
H,recorded_triggers\H\trigger_0002_20260512_214956_580408.wav
H,recorded_triggers\H\trigger_0003_20260512_000220_162143.wav
H,recorded_triggers\H\trigger_0003_20260512_000322_320076.wav
H,recorded_triggers\H\trigger_0003_20260512_214957_587524.wav
H,recorded_triggers\H\trigger_0004_20260512_000221_138840.wav
H,recorded_triggers\H\trigger_0004_20260512_000323_236065.wav
H,recorded_triggers\H\trigger_0004_20260512_214958_546521.wav
H,recorded_triggers\H\trigger_0005_20260512_000222_084285.wav
H,recorded_triggers\H\trigger_0005_20260512_000324_149515.wav
H,recorded_triggers\H\trigger_0005_20260512_214959_655888.wav
H,recorded_triggers\H\trigger_0006_20260512_000223_045643.wav
H,recorded_triggers\H\trigger_0006_20260512_000325_071871.wav
H,recorded_triggers\H\trigger_0006_20260512_215000_673706.wav
H,recorded_triggers\H\trigger_0007_20260512_000224_014065.wav
H,recorded_triggers\H\trigger_0007_20260512_000326_000490.wav
H,recorded_triggers\H\trigger_0007_20260512_215001_626053.wav
H,recorded_triggers\H\trigger_0008_20260512_000225_015156.wav
H,recorded_triggers\H\trigger_0008_20260512_000326_937579.wav
H,recorded_triggers\H\trigger_0008_20260512_215002_546823.wav
H,recorded_triggers\H\trigger_0009_20260512_000226_042745.wav
H,recorded_triggers\H\trigger_0009_20260512_000327_886399.wav
H,recorded_triggers\H\trigger_0009_20260512_215003_557972.wav
H,recorded_triggers\H\trigger_0010_20260512_000227_019302.wav
H,recorded_triggers\H\trigger_0010_20260512_000328_834639.wav
H,recorded_triggers\H\trigger_0010_20260512_215004_492849.wav
H,recorded_triggers\H\trigger_0011_20260512_000227_968363.wav
H,recorded_triggers\H\trigger_0011_20260512_000329_752968.wav
H,recorded_triggers\H\trigger_0011_20260512_215005_455653.wav
H,recorded_triggers\H\trigger_0012_20260512_000228_921621.wav
H,recorded_triggers\H\trigger_0012_20260512_000330_697848.wav
H,recorded_triggers\H\trigger_0012_20260512_215006_358043.wav
H,recorded_triggers\H\trigger_0013_20260512_000229_838180.wav
H,recorded_triggers\H\trigger_0013_20260512_000331_613273.wav
H,recorded_triggers\H\trigger_0013_20260512_215007_280571.wav
H,recorded_triggers\H\trigger_0014_20260512_000230_766697.wav
H,recorded_triggers\H\trigger_0014_20260512_000332_499253.wav
H,recorded_triggers\H\trigger_0014_20260512_215008_180967.wav
H,recorded_triggers\H\trigger_0015_20260512_000231_690975.wav
H,recorded_triggers\H\trigger_0015_20260512_000333_417267.wav
H,recorded_triggers\H\trigger_0015_20260512_215009_066146.wav
H,recorded_triggers\H\trigger_0016_20260512_000232_599970.wav
H,recorded_triggers\H\trigger_0016_20260512_000334_321220.wav
H,recorded_triggers\H\trigger_0016_20260512_215009_962585.wav
H,recorded_triggers\H\trigger_0017_20260512_000233_499196.wav
H,recorded_triggers\H\trigger_0017_20260512_000335_242988.wav
H,recorded_triggers\H\trigger_0017_20260512_215010_941528.wav
H,recorded_triggers\H\trigger_0018_20260512_000234_430106.wav
H,recorded_triggers\H\trigger_0018_20260512_000336_141979.wav
H,recorded_triggers\H\trigger_0018_20260512_215011_911414.wav
H,recorded_triggers\H\trigger_0019_20260512_000235_333886.wav
H,recorded_triggers\H\trigger_0019_20260512_000337_035528.wav
H,recorded_triggers\H\trigger_0019_20260512_215012_864323.wav
H,recorded_triggers\H\trigger_0020_20260512_000237_082998.wav
H,recorded_triggers\H\trigger_0020_20260512_000337_912982.wav
H,recorded_triggers\H\trigger_0020_20260512_215013_836561.wav
H,recorded_triggers\H\trigger_0021_20260512_000237_996823.wav
H,recorded_triggers\H\trigger_0021_20260512_000338_848676.wav
H,recorded_triggers\H\trigger_0021_20260512_215014_763996.wav
H,recorded_triggers\H\trigger_0022_20260512_000238_954509.wav
H,recorded_triggers\H\trigger_0022_20260512_000339_763180.wav
H,recorded_triggers\H\trigger_0022_20260512_215015_705860.wav
H,recorded_triggers\H\trigger_0023_20260512_000239_895599.wav
H,recorded_triggers\H\trigger_0023_20260512_000340_695055.wav
H,recorded_triggers\H\trigger_0023_20260512_215016_662495.wav
H,recorded_triggers\H\trigger_0024_20260512_000240_816876.wav
H,recorded_triggers\H\trigger_0024_20260512_000341_628623.wav
H,recorded_triggers\H\trigger_0024_20260512_215017_604856.wav
H,recorded_triggers\H\trigger_0025_20260512_000241_730731.wav
H,recorded_triggers\H\trigger_0025_20260512_000342_579085.wav
H,recorded_triggers\H\trigger_0025_20260512_215018_548434.wav
H,recorded_triggers\H\trigger_0026_20260512_000242_612152.wav
H,recorded_triggers\H\trigger_0026_20260512_000343_535298.wav
H,recorded_triggers\H\trigger_0026_20260512_215019_530879.wav
H,recorded_triggers\H\trigger_0027_20260512_000243_524867.wav
H,recorded_triggers\H\trigger_0027_20260512_000344_458614.wav
H,recorded_triggers\H\trigger_0027_20260512_215020_523839.wav
H,recorded_triggers\H\trigger_0028_20260512_000244_405715.wav
H,recorded_triggers\H\trigger_0028_20260512_000345_435772.wav
H,recorded_triggers\H\trigger_0028_20260512_215021_494023.wav
H,recorded_triggers\H\trigger_0029_20260512_000245_315373.wav
H,recorded_triggers\H\trigger_0029_20260512_000346_383897.wav
H,recorded_triggers\H\trigger_0029_20260512_215022_486154.wav
H,recorded_triggers\H\trigger_0030_20260512_000246_197142.wav
H,recorded_triggers\H\trigger_0030_20260512_000347_369014.wav
H,recorded_triggers\H\trigger_0030_20260512_215023_471684.wav
H,recorded_triggers\H\trigger_0031_20260512_000247_101896.wav
H,recorded_triggers\H\trigger_0031_20260512_000348_282189.wav
H,recorded_triggers\H\trigger_0032_20260512_000248_038756.wav
H,recorded_triggers\H\trigger_0032_20260512_000349_283343.wav
H,recorded_triggers\H\trigger_0033_20260512_000248_986019.wav
H,recorded_triggers\H\trigger_0033_20260512_000350_219771.wav
H,recorded_triggers\H\trigger_0034_20260512_000249_911933.wav
H,recorded_triggers\H\trigger_0034_20260512_000351_199865.wav
H,recorded_triggers\H\trigger_0035_20260512_000250_839232.wav
H,recorded_triggers\H\trigger_0035_20260512_000352_179652.wav
H,recorded_triggers\H\trigger_0036_20260512_000251_733527.wav
H,recorded_triggers\H\trigger_0036_20260512_000353_118408.wav
H,recorded_triggers\H\trigger_0037_20260512_000252_618724.wav
H,recorded_triggers\H\trigger_0037_20260512_000354_056992.wav
H,recorded_triggers\H\trigger_0038_20260512_000253_490594.wav
H,recorded_triggers\H\trigger_0038_20260512_000355_026293.wav
H,recorded_triggers\H\trigger_0039_20260512_000254_378246.wav
H,recorded_triggers\H\trigger_0039_20260512_000355_980132.wav
H,recorded_triggers\H\trigger_0040_20260512_000255_237522.wav
H,recorded_triggers\H\trigger_0040_20260512_000356_936650.wav
H,recorded_triggers\H\trigger_0041_20260512_000256_126425.wav
H,recorded_triggers\H\trigger_0041_20260512_000357_828427.wav
H,recorded_triggers\H\trigger_0042_20260512_000257_036422.wav
H,recorded_triggers\H\trigger_0042_20260512_000358_806078.wav
H,recorded_triggers\H\trigger_0043_20260512_000257_912218.wav
H,recorded_triggers\H\trigger_0043_20260512_000359_728141.wav
H,recorded_triggers\H\trigger_0044_20260512_000258_797402.wav
H,recorded_triggers\H\trigger_0044_20260512_000400_688164.wav
H,recorded_triggers\H\trigger_0045_20260512_000259_704012.wav
H,recorded_triggers\H\trigger_0045_20260512_000401_609440.wav
H,recorded_triggers\H\trigger_0046_20260512_000300_562569.wav
H,recorded_triggers\H\trigger_0046_20260512_000402_572113.wav
H,recorded_triggers\H\trigger_0047_20260512_000301_435214.wav
H,recorded_triggers\H\trigger_0047_20260512_000403_570730.wav
H,recorded_triggers\H\trigger_0048_20260512_000302_352680.wav
H,recorded_triggers\H\trigger_0048_20260512_000404_549174.wav
H,recorded_triggers\H\trigger_0049_20260512_000303_280178.wav
H,recorded_triggers\H\trigger_0049_20260512_000405_605327.wav
H,recorded_triggers\H\trigger_0050_20260512_000304_154577.wav
H,recorded_triggers\H\trigger_0050_20260512_000406_602689.wav
H,recorded_triggers\H\trigger_0051_20260512_000305_823135.wav
H,recorded_triggers\H\trigger_0051_20260512_000407_609948.wav
H,recorded_triggers\H\trigger_0052_20260512_000306_703678.wav
H,recorded_triggers\H\trigger_0052_20260512_000409_557243.wav
I,recorded_triggers\I\trigger_0001_20260512_000459_312975.wav
I,recorded_triggers\I\trigger_0001_20260512_000605_177127.wav
I,recorded_triggers\I\trigger_0001_20260512_215039_108213.wav
I,recorded_triggers\I\trigger_0002_20260512_000500_253932.wav
I,recorded_triggers\I\trigger_0002_20260512_000606_099027.wav
I,recorded_triggers\I\trigger_0002_20260512_215040_058488.wav
I,recorded_triggers\I\trigger_0003_20260512_000501_255236.wav
I,recorded_triggers\I\trigger_0003_20260512_000606_981471.wav
I,recorded_triggers\I\trigger_0003_20260512_215041_027142.wav
I,recorded_triggers\I\trigger_0004_20260512_000502_233719.wav
I,recorded_triggers\I\trigger_0004_20260512_000607_884671.wav
I,recorded_triggers\I\trigger_0004_20260512_215041_994874.wav
I,recorded_triggers\I\trigger_0005_20260512_000503_302272.wav
I,recorded_triggers\I\trigger_0005_20260512_000608_825905.wav
I,recorded_triggers\I\trigger_0005_20260512_215042_924371.wav
I,recorded_triggers\I\trigger_0006_20260512_000504_306506.wav
I,recorded_triggers\I\trigger_0006_20260512_000609_728554.wav
I,recorded_triggers\I\trigger_0006_20260512_215043_928423.wav
I,recorded_triggers\I\trigger_0007_20260512_000505_293603.wav
I,recorded_triggers\I\trigger_0007_20260512_000610_647118.wav
I,recorded_triggers\I\trigger_0007_20260512_215044_922442.wav
I,recorded_triggers\I\trigger_0008_20260512_000506_248075.wav
I,recorded_triggers\I\trigger_0008_20260512_000611_579323.wav
I,recorded_triggers\I\trigger_0008_20260512_215045_937653.wav
I,recorded_triggers\I\trigger_0009_20260512_000507_260176.wav
I,recorded_triggers\I\trigger_0009_20260512_000612_524395.wav
I,recorded_triggers\I\trigger_0009_20260512_215046_954829.wav
I,recorded_triggers\I\trigger_0010_20260512_000508_211085.wav
I,recorded_triggers\I\trigger_0010_20260512_000613_468688.wav
I,recorded_triggers\I\trigger_0010_20260512_215047_911713.wav
I,recorded_triggers\I\trigger_0011_20260512_000509_188306.wav
I,recorded_triggers\I\trigger_0011_20260512_000614_394867.wav
I,recorded_triggers\I\trigger_0011_20260512_215048_950058.wav
I,recorded_triggers\I\trigger_0012_20260512_000510_222763.wav
I,recorded_triggers\I\trigger_0012_20260512_000615_312338.wav
I,recorded_triggers\I\trigger_0012_20260512_215049_948422.wav
I,recorded_triggers\I\trigger_0013_20260512_000511_147366.wav
I,recorded_triggers\I\trigger_0013_20260512_000616_247358.wav
I,recorded_triggers\I\trigger_0013_20260512_215050_960204.wav
I,recorded_triggers\I\trigger_0014_20260512_000512_076078.wav
I,recorded_triggers\I\trigger_0014_20260512_000617_146184.wav
I,recorded_triggers\I\trigger_0014_20260512_215051_949399.wav
I,recorded_triggers\I\trigger_0015_20260512_000513_033581.wav
I,recorded_triggers\I\trigger_0015_20260512_000618_051952.wav
I,recorded_triggers\I\trigger_0015_20260512_215052_914937.wav
I,recorded_triggers\I\trigger_0016_20260512_000513_940859.wav
I,recorded_triggers\I\trigger_0016_20260512_000618_964230.wav
I,recorded_triggers\I\trigger_0016_20260512_215053_881364.wav
I,recorded_triggers\I\trigger_0017_20260512_000514_862142.wav
I,recorded_triggers\I\trigger_0017_20260512_000619_862166.wav
I,recorded_triggers\I\trigger_0017_20260512_215054_875211.wav
I,recorded_triggers\I\trigger_0018_20260512_000515_777748.wav
I,recorded_triggers\I\trigger_0018_20260512_000620_800707.wav
I,recorded_triggers\I\trigger_0018_20260512_215055_841871.wav
I,recorded_triggers\I\trigger_0019_20260512_000516_660205.wav
I,recorded_triggers\I\trigger_0019_20260512_000621_713482.wav
I,recorded_triggers\I\trigger_0019_20260512_215056_807268.wav
I,recorded_triggers\I\trigger_0020_20260512_000517_569566.wav
I,recorded_triggers\I\trigger_0020_20260512_000622_616289.wav
I,recorded_triggers\I\trigger_0020_20260512_215057_792776.wav
I,recorded_triggers\I\trigger_0021_20260512_000518_513502.wav
I,recorded_triggers\I\trigger_0021_20260512_000623_530497.wav
I,recorded_triggers\I\trigger_0021_20260512_215058_712267.wav
I,recorded_triggers\I\trigger_0022_20260512_000519_442696.wav
I,recorded_triggers\I\trigger_0022_20260512_000624_482672.wav
I,recorded_triggers\I\trigger_0022_20260512_215059_632587.wav
I,recorded_triggers\I\trigger_0023_20260512_000520_344817.wav
I,recorded_triggers\I\trigger_0023_20260512_000625_372011.wav
I,recorded_triggers\I\trigger_0023_20260512_215100_550228.wav
I,recorded_triggers\I\trigger_0024_20260512_000521_238734.wav
I,recorded_triggers\I\trigger_0024_20260512_000626_344058.wav
I,recorded_triggers\I\trigger_0024_20260512_215101_514791.wav
I,recorded_triggers\I\trigger_0025_20260512_000522_147986.wav
I,recorded_triggers\I\trigger_0025_20260512_000627_274122.wav
I,recorded_triggers\I\trigger_0025_20260512_215102_460713.wav
I,recorded_triggers\I\trigger_0026_20260512_000523_081810.wav
I,recorded_triggers\I\trigger_0026_20260512_000628_198793.wav
I,recorded_triggers\I\trigger_0026_20260512_215103_424250.wav
I,recorded_triggers\I\trigger_0027_20260512_000523_981134.wav
I,recorded_triggers\I\trigger_0027_20260512_000629_138731.wav
I,recorded_triggers\I\trigger_0027_20260512_215104_394337.wav
I,recorded_triggers\I\trigger_0028_20260512_000524_891793.wav
I,recorded_triggers\I\trigger_0028_20260512_000630_096733.wav
I,recorded_triggers\I\trigger_0028_20260512_215105_401849.wav
I,recorded_triggers\I\trigger_0029_20260512_000525_819111.wav
I,recorded_triggers\I\trigger_0029_20260512_000631_027065.wav
I,recorded_triggers\I\trigger_0029_20260512_215106_362706.wav
I,recorded_triggers\I\trigger_0030_20260512_000526_739976.wav
I,recorded_triggers\I\trigger_0030_20260512_000632_004057.wav
I,recorded_triggers\I\trigger_0030_20260512_215107_374931.wav
I,recorded_triggers\I\trigger_0031_20260512_000527_626354.wav
I,recorded_triggers\I\trigger_0031_20260512_000632_920095.wav
I,recorded_triggers\I\trigger_0032_20260512_000528_546650.wav
I,recorded_triggers\I\trigger_0032_20260512_000633_859024.wav
I,recorded_triggers\I\trigger_0033_20260512_000529_501855.wav
I,recorded_triggers\I\trigger_0033_20260512_000634_789517.wav
I,recorded_triggers\I\trigger_0034_20260512_000530_454187.wav
I,recorded_triggers\I\trigger_0034_20260512_000635_783645.wav
I,recorded_triggers\I\trigger_0035_20260512_000531_392286.wav
I,recorded_triggers\I\trigger_0035_20260512_000636_709791.wav
I,recorded_triggers\I\trigger_0036_20260512_000532_319917.wav
I,recorded_triggers\I\trigger_0036_20260512_000637_687619.wav
I,recorded_triggers\I\trigger_0037_20260512_000533_231427.wav
I,recorded_triggers\I\trigger_0037_20260512_000638_583343.wav
I,recorded_triggers\I\trigger_0038_20260512_000534_116722.wav
I,recorded_triggers\I\trigger_0038_20260512_000639_532880.wav
I,recorded_triggers\I\trigger_0039_20260512_000535_033889.wav
I,recorded_triggers\I\trigger_0039_20260512_000640_446005.wav
I,recorded_triggers\I\trigger_0040_20260512_000535_946935.wav
I,recorded_triggers\I\trigger_0040_20260512_000641_326721.wav
I,recorded_triggers\I\trigger_0041_20260512_000536_836664.wav
I,recorded_triggers\I\trigger_0041_20260512_000642_254517.wav
I,recorded_triggers\I\trigger_0042_20260512_000537_749797.wav
I,recorded_triggers\I\trigger_0042_20260512_000643_175283.wav
I,recorded_triggers\I\trigger_0043_20260512_000538_660145.wav
I,recorded_triggers\I\trigger_0043_20260512_000644_066330.wav
I,recorded_triggers\I\trigger_0044_20260512_000539_560639.wav
I,recorded_triggers\I\trigger_0044_20260512_000644_957761.wav
I,recorded_triggers\I\trigger_0045_20260512_000540_507706.wav
I,recorded_triggers\I\trigger_0045_20260512_000645_851641.wav
I,recorded_triggers\I\trigger_0046_20260512_000541_430698.wav
I,recorded_triggers\I\trigger_0046_20260512_000646_726455.wav
I,recorded_triggers\I\trigger_0047_20260512_000542_375455.wav
I,recorded_triggers\I\trigger_0047_20260512_000647_646478.wav
I,recorded_triggers\I\trigger_0048_20260512_000543_298635.wav
I,recorded_triggers\I\trigger_0048_20260512_000648_586082.wav
I,recorded_triggers\I\trigger_0049_20260512_000544_241832.wav
I,recorded_triggers\I\trigger_0049_20260512_000649_540794.wav
I,recorded_triggers\I\trigger_0050_20260512_000545_114942.wav
I,recorded_triggers\I\trigger_0050_20260512_000650_434331.wav
I,recorded_triggers\I\trigger_0051_20260512_000546_040633.wav
I,recorded_triggers\I\trigger_0051_20260512_000651_329760.wav
I,recorded_triggers\I\trigger_0052_20260512_000546_929131.wav
I,recorded_triggers\I\trigger_0052_20260512_000652_245858.wav
L,recorded_triggers\L\trigger_0001_20260512_000728_288262.wav
L,recorded_triggers\L\trigger_0001_20260512_000830_609107.wav
L,recorded_triggers\L\trigger_0001_20260512_215127_870248.wav
L,recorded_triggers\L\trigger_0002_20260512_000729_183987.wav
L,recorded_triggers\L\trigger_0002_20260512_000831_463960.wav
L,recorded_triggers\L\trigger_0002_20260512_215128_875641.wav
L,recorded_triggers\L\trigger_0003_20260512_000730_181300.wav
L,recorded_triggers\L\trigger_0003_20260512_000832_354425.wav
L,recorded_triggers\L\trigger_0003_20260512_215129_913301.wav
L,recorded_triggers\L\trigger_0004_20260512_000731_114284.wav
L,recorded_triggers\L\trigger_0004_20260512_000833_251527.wav
L,recorded_triggers\L\trigger_0004_20260512_215130_939689.wav
L,recorded_triggers\L\trigger_0005_20260512_000732_065781.wav
L,recorded_triggers\L\trigger_0005_20260512_000834_172145.wav
L,recorded_triggers\L\trigger_0005_20260512_215131_886336.wav
L,recorded_triggers\L\trigger_0006_20260512_000733_069224.wav
L,recorded_triggers\L\trigger_0006_20260512_000835_074090.wav
L,recorded_triggers\L\trigger_0006_20260512_215132_876855.wav
L,recorded_triggers\L\trigger_0007_20260512_000734_015089.wav
L,recorded_triggers\L\trigger_0007_20260512_000835_979046.wav
L,recorded_triggers\L\trigger_0007_20260512_215133_923821.wav
L,recorded_triggers\L\trigger_0008_20260512_000734_978591.wav
L,recorded_triggers\L\trigger_0008_20260512_000836_880834.wav
L,recorded_triggers\L\trigger_0008_20260512_215134_903191.wav
L,recorded_triggers\L\trigger_0009_20260512_000735_928286.wav
L,recorded_triggers\L\trigger_0009_20260512_000837_784741.wav
L,recorded_triggers\L\trigger_0009_20260512_215135_841105.wav
L,recorded_triggers\L\trigger_0010_20260512_000736_938751.wav
L,recorded_triggers\L\trigger_0010_20260512_000838_706876.wav
L,recorded_triggers\L\trigger_0010_20260512_215136_883944.wav
L,recorded_triggers\L\trigger_0011_20260512_000737_917592.wav
L,recorded_triggers\L\trigger_0011_20260512_000839_620153.wav
L,recorded_triggers\L\trigger_0011_20260512_215137_954759.wav
L,recorded_triggers\L\trigger_0012_20260512_000738_838330.wav
L,recorded_triggers\L\trigger_0012_20260512_000840_564562.wav
L,recorded_triggers\L\trigger_0012_20260512_215138_996419.wav
L,recorded_triggers\L\trigger_0013_20260512_000739_749435.wav
L,recorded_triggers\L\trigger_0013_20260512_000841_511766.wav
L,recorded_triggers\L\trigger_0013_20260512_215140_035076.wav
L,recorded_triggers\L\trigger_0014_20260512_000740_655762.wav
L,recorded_triggers\L\trigger_0014_20260512_000842_434577.wav
L,recorded_triggers\L\trigger_0014_20260512_215141_047002.wav
L,recorded_triggers\L\trigger_0015_20260512_000741_572856.wav
L,recorded_triggers\L\trigger_0015_20260512_000843_391072.wav
L,recorded_triggers\L\trigger_0015_20260512_215141_982353.wav
L,recorded_triggers\L\trigger_0016_20260512_000742_497143.wav
L,recorded_triggers\L\trigger_0016_20260512_000844_351213.wav
L,recorded_triggers\L\trigger_0016_20260512_215142_976868.wav
L,recorded_triggers\L\trigger_0017_20260512_000743_432429.wav
L,recorded_triggers\L\trigger_0017_20260512_000845_321220.wav
L,recorded_triggers\L\trigger_0017_20260512_215143_931138.wav
L,recorded_triggers\L\trigger_0018_20260512_000744_388457.wav
L,recorded_triggers\L\trigger_0018_20260512_000846_299146.wav
L,recorded_triggers\L\trigger_0018_20260512_215144_893135.wav
L,recorded_triggers\L\trigger_0019_20260512_000745_313021.wav
L,recorded_triggers\L\trigger_0019_20260512_000847_243087.wav
L,recorded_triggers\L\trigger_0019_20260512_215145_876330.wav
L,recorded_triggers\L\trigger_0020_20260512_000746_250269.wav
L,recorded_triggers\L\trigger_0020_20260512_000848_207563.wav
L,recorded_triggers\L\trigger_0020_20260512_215146_877187.wav
L,recorded_triggers\L\trigger_0021_20260512_000747_140479.wav
L,recorded_triggers\L\trigger_0021_20260512_000849_177135.wav
L,recorded_triggers\L\trigger_0021_20260512_215147_845788.wav
L,recorded_triggers\L\trigger_0022_20260512_000748_026230.wav
L,recorded_triggers\L\trigger_0022_20260512_000850_139285.wav
L,recorded_triggers\L\trigger_0022_20260512_215148_781437.wav
L,recorded_triggers\L\trigger_0023_20260512_000748_925362.wav
L,recorded_triggers\L\trigger_0023_20260512_000851_096183.wav
L,recorded_triggers\L\trigger_0023_20260512_215149_694795.wav
L,recorded_triggers\L\trigger_0024_20260512_000749_845095.wav
L,recorded_triggers\L\trigger_0024_20260512_000852_034248.wav
L,recorded_triggers\L\trigger_0024_20260512_215150_670862.wav
L,recorded_triggers\L\trigger_0025_20260512_000750_791998.wav
L,recorded_triggers\L\trigger_0025_20260512_000853_001094.wav
L,recorded_triggers\L\trigger_0025_20260512_215151_662941.wav
L,recorded_triggers\L\trigger_0026_20260512_000751_703474.wav
L,recorded_triggers\L\trigger_0026_20260512_000853_941397.wav
L,recorded_triggers\L\trigger_0026_20260512_215152_687538.wav
L,recorded_triggers\L\trigger_0027_20260512_000752_649014.wav
L,recorded_triggers\L\trigger_0027_20260512_000854_925188.wav
L,recorded_triggers\L\trigger_0027_20260512_215153_618990.wav
L,recorded_triggers\L\trigger_0028_20260512_000753_606589.wav
L,recorded_triggers\L\trigger_0028_20260512_000855_865193.wav
L,recorded_triggers\L\trigger_0028_20260512_215154_632901.wav
L,recorded_triggers\L\trigger_0029_20260512_000754_549391.wav
L,recorded_triggers\L\trigger_0029_20260512_000856_824248.wav
L,recorded_triggers\L\trigger_0029_20260512_215155_615513.wav
L,recorded_triggers\L\trigger_0030_20260512_000755_482053.wav
L,recorded_triggers\L\trigger_0030_20260512_000857_788919.wav
L,recorded_triggers\L\trigger_0030_20260512_215156_582241.wav
L,recorded_triggers\L\trigger_0031_20260512_000756_407529.wav
L,recorded_triggers\L\trigger_0031_20260512_000858_750947.wav
L,recorded_triggers\L\trigger_0032_20260512_000757_397328.wav
L,recorded_triggers\L\trigger_0032_20260512_000859_715622.wav
L,recorded_triggers\L\trigger_0033_20260512_000758_352924.wav
L,recorded_triggers\L\trigger_0033_20260512_000900_669229.wav
L,recorded_triggers\L\trigger_0034_20260512_000759_343711.wav
L,recorded_triggers\L\trigger_0034_20260512_000901_600652.wav
L,recorded_triggers\L\trigger_0035_20260512_000800_327546.wav
L,recorded_triggers\L\trigger_0035_20260512_000902_566080.wav
L,recorded_triggers\L\trigger_0036_20260512_000801_299893.wav
L,recorded_triggers\L\trigger_0036_20260512_000903_539570.wav
L,recorded_triggers\L\trigger_0037_20260512_000802_239172.wav
L,recorded_triggers\L\trigger_0037_20260512_000904_501524.wav
L,recorded_triggers\L\trigger_0038_20260512_000803_165761.wav
L,recorded_triggers\L\trigger_0038_20260512_000905_454387.wav
L,recorded_triggers\L\trigger_0039_20260512_000804_142830.wav
L,recorded_triggers\L\trigger_0039_20260512_000906_418163.wav
L,recorded_triggers\L\trigger_0040_20260512_000805_111966.wav
L,recorded_triggers\L\trigger_0040_20260512_000907_356303.wav
L,recorded_triggers\L\trigger_0041_20260512_000806_053727.wav
L,recorded_triggers\L\trigger_0041_20260512_000908_329952.wav
L,recorded_triggers\L\trigger_0042_20260512_000807_038526.wav
L,recorded_triggers\L\trigger_0042_20260512_000909_329643.wav
L,recorded_triggers\L\trigger_0043_20260512_000807_970870.wav
L,recorded_triggers\L\trigger_0043_20260512_000910_321592.wav
L,recorded_triggers\L\trigger_0044_20260512_000808_933773.wav
L,recorded_triggers\L\trigger_0044_20260512_000911_310209.wav
L,recorded_triggers\L\trigger_0045_20260512_000809_876542.wav
L,recorded_triggers\L\trigger_0045_20260512_000912_294239.wav
L,recorded_triggers\L\trigger_0046_20260512_000810_850075.wav
L,recorded_triggers\L\trigger_0046_20260512_000913_304823.wav
L,recorded_triggers\L\trigger_0047_20260512_000811_872016.wav
L,recorded_triggers\L\trigger_0047_20260512_000914_270346.wav
L,recorded_triggers\L\trigger_0048_20260512_000812_764090.wav
L,recorded_triggers\L\trigger_0048_20260512_000915_289749.wav
L,recorded_triggers\L\trigger_0049_20260512_000813_700235.wav
L,recorded_triggers\L\trigger_0049_20260512_000916_245112.wav
L,recorded_triggers\L\trigger_0050_20260512_000814_648066.wav
L,recorded_triggers\L\trigger_0050_20260512_000917_214127.wav
L,recorded_triggers\L\trigger_0051_20260512_000815_610170.wav
L,recorded_triggers\L\trigger_0051_20260512_000918_135266.wav
L,recorded_triggers\L\trigger_0052_20260512_000919_087289.wav
O,recorded_triggers\O\trigger_0001_20260512_001031_064568.wav
O,recorded_triggers\O\trigger_0001_20260512_001131_070191.wav
O,recorded_triggers\O\trigger_0001_20260512_215211_943770.wav
O,recorded_triggers\O\trigger_0002_20260512_001031_889507.wav
O,recorded_triggers\O\trigger_0002_20260512_001131_870931.wav
O,recorded_triggers\O\trigger_0002_20260512_215212_861796.wav
O,recorded_triggers\O\trigger_0003_20260512_001032_755956.wav
O,recorded_triggers\O\trigger_0003_20260512_001132_685273.wav
O,recorded_triggers\O\trigger_0003_20260512_215213_845485.wav
O,recorded_triggers\O\trigger_0004_20260512_001033_637686.wav
O,recorded_triggers\O\trigger_0004_20260512_001133_520023.wav
O,recorded_triggers\O\trigger_0004_20260512_215214_815544.wav
O,recorded_triggers\O\trigger_0005_20260512_001034_540329.wav
O,recorded_triggers\O\trigger_0005_20260512_001134_340471.wav
O,recorded_triggers\O\trigger_0005_20260512_215215_798383.wav
O,recorded_triggers\O\trigger_0006_20260512_001035_843274.wav
O,recorded_triggers\O\trigger_0006_20260512_001135_162446.wav
O,recorded_triggers\O\trigger_0006_20260512_215216_789140.wav
O,recorded_triggers\O\trigger_0007_20260512_001036_730499.wav
O,recorded_triggers\O\trigger_0007_20260512_001135_994582.wav
O,recorded_triggers\O\trigger_0007_20260512_215217_759418.wav
O,recorded_triggers\O\trigger_0008_20260512_001037_636322.wav
O,recorded_triggers\O\trigger_0008_20260512_001145_046160.wav
O,recorded_triggers\O\trigger_0008_20260512_215218_759428.wav
O,recorded_triggers\O\trigger_0009_20260512_001038_543409.wav
O,recorded_triggers\O\trigger_0009_20260512_001145_896369.wav
O,recorded_triggers\O\trigger_0009_20260512_215219_717228.wav
O,recorded_triggers\O\trigger_0010_20260512_001039_511808.wav
O,recorded_triggers\O\trigger_0010_20260512_001146_788272.wav
O,recorded_triggers\O\trigger_0010_20260512_215220_703861.wav
O,recorded_triggers\O\trigger_0011_20260512_001040_445281.wav
O,recorded_triggers\O\trigger_0011_20260512_001147_671748.wav
O,recorded_triggers\O\trigger_0011_20260512_215221_689701.wav
O,recorded_triggers\O\trigger_0012_20260512_001041_371712.wav
O,recorded_triggers\O\trigger_0012_20260512_001148_631869.wav
O,recorded_triggers\O\trigger_0012_20260512_215222_675539.wav
O,recorded_triggers\O\trigger_0013_20260512_001042_298607.wav
O,recorded_triggers\O\trigger_0013_20260512_001149_540015.wav
O,recorded_triggers\O\trigger_0013_20260512_215223_678007.wav
O,recorded_triggers\O\trigger_0014_20260512_001043_190000.wav
O,recorded_triggers\O\trigger_0014_20260512_001150_414821.wav
O,recorded_triggers\O\trigger_0014_20260512_215224_644886.wav
O,recorded_triggers\O\trigger_0015_20260512_001044_077019.wav
O,recorded_triggers\O\trigger_0015_20260512_001151_285887.wav
O,recorded_triggers\O\trigger_0015_20260512_215225_635491.wav
O,recorded_triggers\O\trigger_0016_20260512_001045_001650.wav
O,recorded_triggers\O\trigger_0016_20260512_001152_183214.wav
O,recorded_triggers\O\trigger_0016_20260512_215226_603526.wav
O,recorded_triggers\O\trigger_0017_20260512_001045_946887.wav
O,recorded_triggers\O\trigger_0017_20260512_001153_101269.wav
O,recorded_triggers\O\trigger_0017_20260512_215227_552613.wav
O,recorded_triggers\O\trigger_0018_20260512_001046_869068.wav
O,recorded_triggers\O\trigger_0018_20260512_001154_026592.wav
O,recorded_triggers\O\trigger_0018_20260512_215228_525499.wav
O,recorded_triggers\O\trigger_0019_20260512_001047_785878.wav
O,recorded_triggers\O\trigger_0019_20260512_001154_928213.wav
O,recorded_triggers\O\trigger_0019_20260512_215229_487582.wav
O,recorded_triggers\O\trigger_0020_20260512_001048_732786.wav
O,recorded_triggers\O\trigger_0020_20260512_001155_827248.wav
O,recorded_triggers\O\trigger_0020_20260512_215230_462033.wav
O,recorded_triggers\O\trigger_0021_20260512_001049_671702.wav
O,recorded_triggers\O\trigger_0021_20260512_001156_681803.wav
O,recorded_triggers\O\trigger_0021_20260512_215231_454434.wav
O,recorded_triggers\O\trigger_0022_20260512_001050_571675.wav
O,recorded_triggers\O\trigger_0022_20260512_001157_569378.wav
O,recorded_triggers\O\trigger_0022_20260512_215232_440441.wav
O,recorded_triggers\O\trigger_0023_20260512_001051_476390.wav
O,recorded_triggers\O\trigger_0023_20260512_001158_465549.wav
O,recorded_triggers\O\trigger_0023_20260512_215233_443262.wav
O,recorded_triggers\O\trigger_0024_20260512_001052_386671.wav
O,recorded_triggers\O\trigger_0024_20260512_001159_393974.wav
O,recorded_triggers\O\trigger_0024_20260512_215234_472251.wav
O,recorded_triggers\O\trigger_0025_20260512_001053_276444.wav
O,recorded_triggers\O\trigger_0025_20260512_001200_291899.wav
O,recorded_triggers\O\trigger_0025_20260512_215235_495042.wav
O,recorded_triggers\O\trigger_0026_20260512_001054_195378.wav
O,recorded_triggers\O\trigger_0026_20260512_001201_220054.wav
O,recorded_triggers\O\trigger_0026_20260512_215236_528775.wav
O,recorded_triggers\O\trigger_0027_20260512_001055_099979.wav
O,recorded_triggers\O\trigger_0027_20260512_001202_103634.wav
O,recorded_triggers\O\trigger_0027_20260512_215237_571113.wav
O,recorded_triggers\O\trigger_0028_20260512_001056_081260.wav
O,recorded_triggers\O\trigger_0028_20260512_001203_025852.wav
O,recorded_triggers\O\trigger_0028_20260512_215238_582204.wav
O,recorded_triggers\O\trigger_0029_20260512_001056_964329.wav
O,recorded_triggers\O\trigger_0029_20260512_001203_981454.wav
O,recorded_triggers\O\trigger_0029_20260512_215239_634525.wav
O,recorded_triggers\O\trigger_0030_20260512_001057_860551.wav
O,recorded_triggers\O\trigger_0030_20260512_001204_888178.wav
O,recorded_triggers\O\trigger_0030_20260512_215240_928423.wav
O,recorded_triggers\O\trigger_0031_20260512_001058_788152.wav
O,recorded_triggers\O\trigger_0031_20260512_001205_786858.wav
O,recorded_triggers\O\trigger_0032_20260512_001059_677863.wav
O,recorded_triggers\O\trigger_0032_20260512_001206_712483.wav
O,recorded_triggers\O\trigger_0033_20260512_001100_593328.wav
O,recorded_triggers\O\trigger_0033_20260512_001207_638733.wav
O,recorded_triggers\O\trigger_0034_20260512_001101_487233.wav
O,recorded_triggers\O\trigger_0034_20260512_001208_574106.wav
O,recorded_triggers\O\trigger_0035_20260512_001102_395148.wav
O,recorded_triggers\O\trigger_0035_20260512_001209_487524.wav
O,recorded_triggers\O\trigger_0036_20260512_001103_314953.wav
O,recorded_triggers\O\trigger_0036_20260512_001210_445778.wav
O,recorded_triggers\O\trigger_0037_20260512_001104_181649.wav
O,recorded_triggers\O\trigger_0037_20260512_001211_340797.wav
O,recorded_triggers\O\trigger_0038_20260512_001105_055500.wav
O,recorded_triggers\O\trigger_0038_20260512_001212_221407.wav
O,recorded_triggers\O\trigger_0039_20260512_001105_924633.wav
O,recorded_triggers\O\trigger_0039_20260512_001213_160289.wav
O,recorded_triggers\O\trigger_0040_20260512_001106_831392.wav
O,recorded_triggers\O\trigger_0040_20260512_001214_066730.wav
O,recorded_triggers\O\trigger_0041_20260512_001107_700455.wav
O,recorded_triggers\O\trigger_0041_20260512_001215_020657.wav
O,recorded_triggers\O\trigger_0042_20260512_001108_554044.wav
O,recorded_triggers\O\trigger_0042_20260512_001215_950740.wav
O,recorded_triggers\O\trigger_0043_20260512_001109_423914.wav
O,recorded_triggers\O\trigger_0043_20260512_001216_836221.wav
O,recorded_triggers\O\trigger_0044_20260512_001110_292959.wav
O,recorded_triggers\O\trigger_0044_20260512_001217_750761.wav
O,recorded_triggers\O\trigger_0045_20260512_001111_225361.wav
O,recorded_triggers\O\trigger_0045_20260512_001218_635769.wav
O,recorded_triggers\O\trigger_0046_20260512_001112_119131.wav
O,recorded_triggers\O\trigger_0046_20260512_001219_570032.wav
O,recorded_triggers\O\trigger_0047_20260512_001113_015553.wav
O,recorded_triggers\O\trigger_0047_20260512_001220_447709.wav
O,recorded_triggers\O\trigger_0048_20260512_001113_921269.wav
O,recorded_triggers\O\trigger_0048_20260512_001221_345266.wav
O,recorded_triggers\O\trigger_0049_20260512_001114_834746.wav
O,recorded_triggers\O\trigger_0049_20260512_001222_223779.wav
O,recorded_triggers\O\trigger_0050_20260512_001115_747904.wav
O,recorded_triggers\O\trigger_0050_20260512_001223_131072.wav
O,recorded_triggers\O\trigger_0051_20260512_001116_649215.wav
O,recorded_triggers\O\trigger_0051_20260512_001224_011384.wav
O,recorded_triggers\O\trigger_0052_20260512_001117_550978.wav
O,recorded_triggers\O\trigger_0052_20260512_001224_869306.wav
P,recorded_triggers\P\trigger_0001_20260512_001311_741024.wav
P,recorded_triggers\P\trigger_0001_20260512_001408_647652.wav
P,recorded_triggers\P\trigger_0001_20260512_215259_141238.wav
P,recorded_triggers\P\trigger_0002_20260512_001312_524536.wav
P,recorded_triggers\P\trigger_0002_20260512_001409_469158.wav
P,recorded_triggers\P\trigger_0002_20260512_215300_013181.wav
P,recorded_triggers\P\trigger_0003_20260512_001313_388030.wav
P,recorded_triggers\P\trigger_0003_20260512_001410_269504.wav
P,recorded_triggers\P\trigger_0003_20260512_215300_963156.wav
P,recorded_triggers\P\trigger_0004_20260512_001314_235438.wav
P,recorded_triggers\P\trigger_0004_20260512_001411_085073.wav
P,recorded_triggers\P\trigger_0004_20260512_215302_008598.wav
P,recorded_triggers\P\trigger_0005_20260512_001315_117953.wav
P,recorded_triggers\P\trigger_0005_20260512_001411_973232.wav
P,recorded_triggers\P\trigger_0005_20260512_215303_003217.wav
P,recorded_triggers\P\trigger_0006_20260512_001315_996731.wav
P,recorded_triggers\P\trigger_0006_20260512_001412_844221.wav
P,recorded_triggers\P\trigger_0006_20260512_215303_921607.wav
P,recorded_triggers\P\trigger_0007_20260512_001316_844152.wav
P,recorded_triggers\P\trigger_0007_20260512_001413_722281.wav
P,recorded_triggers\P\trigger_0007_20260512_215304_879981.wav
P,recorded_triggers\P\trigger_0008_20260512_001317_675903.wav
P,recorded_triggers\P\trigger_0008_20260512_001414_606285.wav
P,recorded_triggers\P\trigger_0008_20260512_215305_837264.wav
P,recorded_triggers\P\trigger_0009_20260512_001318_536190.wav
P,recorded_triggers\P\trigger_0009_20260512_001415_444363.wav
P,recorded_triggers\P\trigger_0009_20260512_215306_777165.wav
P,recorded_triggers\P\trigger_0010_20260512_001319_363286.wav
P,recorded_triggers\P\trigger_0010_20260512_001416_309165.wav
P,recorded_triggers\P\trigger_0010_20260512_215307_696731.wav
P,recorded_triggers\P\trigger_0011_20260512_001320_246956.wav
P,recorded_triggers\P\trigger_0011_20260512_001417_174249.wav
P,recorded_triggers\P\trigger_0011_20260512_215308_669183.wav
P,recorded_triggers\P\trigger_0012_20260512_001321_086960.wav
P,recorded_triggers\P\trigger_0012_20260512_001418_003724.wav
P,recorded_triggers\P\trigger_0012_20260512_215309_659278.wav
P,recorded_triggers\P\trigger_0013_20260512_001321_924899.wav
P,recorded_triggers\P\trigger_0013_20260512_001418_811692.wav
P,recorded_triggers\P\trigger_0013_20260512_215310_634302.wav
P,recorded_triggers\P\trigger_0014_20260512_001322_810931.wav
P,recorded_triggers\P\trigger_0014_20260512_001419_641689.wav
P,recorded_triggers\P\trigger_0014_20260512_215311_573833.wav
P,recorded_triggers\P\trigger_0015_20260512_001323_674248.wav
P,recorded_triggers\P\trigger_0015_20260512_001420_474035.wav
P,recorded_triggers\P\trigger_0015_20260512_215312_568277.wav
P,recorded_triggers\P\trigger_0016_20260512_001324_536727.wav
P,recorded_triggers\P\trigger_0016_20260512_001421_293620.wav
P,recorded_triggers\P\trigger_0016_20260512_215313_507494.wav
P,recorded_triggers\P\trigger_0017_20260512_001325_401785.wav
P,recorded_triggers\P\trigger_0017_20260512_001422_104970.wav
P,recorded_triggers\P\trigger_0017_20260512_215314_491862.wav
P,recorded_triggers\P\trigger_0018_20260512_001326_261011.wav
P,recorded_triggers\P\trigger_0018_20260512_001422_929079.wav
P,recorded_triggers\P\trigger_0018_20260512_215315_505047.wav
P,recorded_triggers\P\trigger_0019_20260512_001327_088298.wav
P,recorded_triggers\P\trigger_0019_20260512_001423_740850.wav
P,recorded_triggers\P\trigger_0019_20260512_215316_441071.wav
P,recorded_triggers\P\trigger_0020_20260512_001327_983186.wav
P,recorded_triggers\P\trigger_0020_20260512_001424_594693.wav
P,recorded_triggers\P\trigger_0020_20260512_215317_413847.wav
P,recorded_triggers\P\trigger_0021_20260512_001328_824916.wav
P,recorded_triggers\P\trigger_0021_20260512_001425_413722.wav
P,recorded_triggers\P\trigger_0021_20260512_215318_438449.wav
P,recorded_triggers\P\trigger_0022_20260512_001329_665629.wav
P,recorded_triggers\P\trigger_0022_20260512_001426_259036.wav
P,recorded_triggers\P\trigger_0022_20260512_215319_779759.wav
P,recorded_triggers\P\trigger_0023_20260512_001330_550111.wav
P,recorded_triggers\P\trigger_0023_20260512_001427_106657.wav
P,recorded_triggers\P\trigger_0023_20260512_215320_809128.wav
P,recorded_triggers\P\trigger_0024_20260512_001331_405289.wav
P,recorded_triggers\P\trigger_0024_20260512_001427_952604.wav
P,recorded_triggers\P\trigger_0024_20260512_215321_829620.wav
P,recorded_triggers\P\trigger_0025_20260512_001332_271907.wav
P,recorded_triggers\P\trigger_0025_20260512_001428_793966.wav
P,recorded_triggers\P\trigger_0025_20260512_215322_872942.wav
P,recorded_triggers\P\trigger_0026_20260512_001333_119491.wav
P,recorded_triggers\P\trigger_0026_20260512_001429_634415.wav
P,recorded_triggers\P\trigger_0026_20260512_215323_877979.wav
P,recorded_triggers\P\trigger_0027_20260512_001334_005745.wav
P,recorded_triggers\P\trigger_0027_20260512_001430_496240.wav
P,recorded_triggers\P\trigger_0027_20260512_215324_798069.wav
P,recorded_triggers\P\trigger_0028_20260512_001334_859163.wav
P,recorded_triggers\P\trigger_0028_20260512_001431_325133.wav
P,recorded_triggers\P\trigger_0028_20260512_215325_784317.wav
P,recorded_triggers\P\trigger_0029_20260512_001335_728382.wav
P,recorded_triggers\P\trigger_0029_20260512_001432_159272.wav
P,recorded_triggers\P\trigger_0029_20260512_215326_769053.wav
P,recorded_triggers\P\trigger_0030_20260512_001336_632313.wav
P,recorded_triggers\P\trigger_0030_20260512_001433_012758.wav
P,recorded_triggers\P\trigger_0030_20260512_215327_750909.wav
P,recorded_triggers\P\trigger_0031_20260512_001337_516786.wav
P,recorded_triggers\P\trigger_0031_20260512_001433_860303.wav
P,recorded_triggers\P\trigger_0032_20260512_001338_448913.wav
P,recorded_triggers\P\trigger_0032_20260512_001434_717082.wav
P,recorded_triggers\P\trigger_0033_20260512_001339_291012.wav
P,recorded_triggers\P\trigger_0033_20260512_001435_615068.wav
P,recorded_triggers\P\trigger_0034_20260512_001340_168693.wav
P,recorded_triggers\P\trigger_0034_20260512_001436_438605.wav
P,recorded_triggers\P\trigger_0035_20260512_001341_061126.wav
P,recorded_triggers\P\trigger_0035_20260512_001437_338461.wav
P,recorded_triggers\P\trigger_0036_20260512_001341_928316.wav
P,recorded_triggers\P\trigger_0036_20260512_001438_149878.wav
P,recorded_triggers\P\trigger_0037_20260512_001342_827566.wav
P,recorded_triggers\P\trigger_0037_20260512_001438_988529.wav
P,recorded_triggers\P\trigger_0038_20260512_001343_677782.wav
P,recorded_triggers\P\trigger_0038_20260512_001440_354251.wav
P,recorded_triggers\P\trigger_0039_20260512_001344_579180.wav
P,recorded_triggers\P\trigger_0039_20260512_001441_309661.wav
P,recorded_triggers\P\trigger_0040_20260512_001345_476028.wav
P,recorded_triggers\P\trigger_0040_20260512_001442_158380.wav
P,recorded_triggers\P\trigger_0041_20260512_001346_446012.wav
P,recorded_triggers\P\trigger_0041_20260512_001443_023444.wav
P,recorded_triggers\P\trigger_0042_20260512_001347_304582.wav
P,recorded_triggers\P\trigger_0042_20260512_001443_879759.wav
P,recorded_triggers\P\trigger_0043_20260512_001348_175938.wav
P,recorded_triggers\P\trigger_0043_20260512_001444_696399.wav
P,recorded_triggers\P\trigger_0044_20260512_001349_079908.wav
P,recorded_triggers\P\trigger_0044_20260512_001445_580689.wav
P,recorded_triggers\P\trigger_0045_20260512_001349_971989.wav
P,recorded_triggers\P\trigger_0045_20260512_001446_447229.wav
P,recorded_triggers\P\trigger_0046_20260512_001350_888869.wav
P,recorded_triggers\P\trigger_0046_20260512_001447_289733.wav
P,recorded_triggers\P\trigger_0047_20260512_001351_755144.wav
P,recorded_triggers\P\trigger_0047_20260512_001448_165130.wav
P,recorded_triggers\P\trigger_0048_20260512_001352_633673.wav
P,recorded_triggers\P\trigger_0048_20260512_001449_015839.wav
P,recorded_triggers\P\trigger_0049_20260512_001353_566023.wav
P,recorded_triggers\P\trigger_0049_20260512_001449_895429.wav
P,recorded_triggers\P\trigger_0050_20260512_001354_463905.wav
P,recorded_triggers\P\trigger_0050_20260512_001450_794625.wav
P,recorded_triggers\P\trigger_0051_20260512_001355_355815.wav
P,recorded_triggers\P\trigger_0051_20260512_001451_648469.wav
P,recorded_triggers\P\trigger_0052_20260512_001356_268543.wav
P,recorded_triggers\P\trigger_0053_20260512_001357_153578.wav
P,recorded_triggers\P\trigger_0054_20260512_001358_077891.wav
R,recorded_triggers\R\trigger_0001_20260512_001953_944911.wav
R,recorded_triggers\R\trigger_0001_20260512_002142_902083.wav
R,recorded_triggers\R\trigger_0001_20260512_002226_585066.wav
R,recorded_triggers\R\trigger_0001_20260512_215344_287402.wav
R,recorded_triggers\R\trigger_0002_20260512_001954_812381.wav
R,recorded_triggers\R\trigger_0002_20260512_002143_632120.wav
R,recorded_triggers\R\trigger_0002_20260512_002227_350690.wav
R,recorded_triggers\R\trigger_0002_20260512_215345_141864.wav
R,recorded_triggers\R\trigger_0003_20260512_001955_654430.wav
R,recorded_triggers\R\trigger_0003_20260512_002144_361559.wav
R,recorded_triggers\R\trigger_0003_20260512_002229_127453.wav
R,recorded_triggers\R\trigger_0003_20260512_215346_035929.wav
R,recorded_triggers\R\trigger_0004_20260512_001956_505742.wav
R,recorded_triggers\R\trigger_0004_20260512_002145_101364.wav
R,recorded_triggers\R\trigger_0004_20260512_002229_912535.wav
R,recorded_triggers\R\trigger_0004_20260512_215346_904599.wav
R,recorded_triggers\R\trigger_0005_20260512_001957_350444.wav
R,recorded_triggers\R\trigger_0005_20260512_002145_867911.wav
R,recorded_triggers\R\trigger_0005_20260512_002230_673178.wav
R,recorded_triggers\R\trigger_0005_20260512_215347_816602.wav
R,recorded_triggers\R\trigger_0006_20260512_001958_177631.wav
R,recorded_triggers\R\trigger_0006_20260512_002146_632745.wav
R,recorded_triggers\R\trigger_0006_20260512_002231_444474.wav
R,recorded_triggers\R\trigger_0006_20260512_215348_772760.wav
R,recorded_triggers\R\trigger_0007_20260512_001959_004116.wav
R,recorded_triggers\R\trigger_0007_20260512_002147_397703.wav
R,recorded_triggers\R\trigger_0007_20260512_002232_208566.wav
R,recorded_triggers\R\trigger_0007_20260512_215349_699126.wav
R,recorded_triggers\R\trigger_0008_20260512_001959_842847.wav
R,recorded_triggers\R\trigger_0008_20260512_002148_150382.wav
R,recorded_triggers\R\trigger_0008_20260512_002232_957977.wav
R,recorded_triggers\R\trigger_0008_20260512_215350_609425.wav
R,recorded_triggers\R\trigger_0009_20260512_002000_693264.wav
R,recorded_triggers\R\trigger_0009_20260512_002148_889034.wav
R,recorded_triggers\R\trigger_0009_20260512_002233_696852.wav
R,recorded_triggers\R\trigger_0009_20260512_215351_523001.wav
R,recorded_triggers\R\trigger_0010_20260512_002001_486055.wav
R,recorded_triggers\R\trigger_0010_20260512_002149_619833.wav
R,recorded_triggers\R\trigger_0010_20260512_002234_455894.wav
R,recorded_triggers\R\trigger_0010_20260512_215352_453767.wav
R,recorded_triggers\R\trigger_0011_20260512_002002_296470.wav
R,recorded_triggers\R\trigger_0011_20260512_002150_362899.wav
R,recorded_triggers\R\trigger_0011_20260512_002235_188306.wav
R,recorded_triggers\R\trigger_0011_20260512_215353_337414.wav
R,recorded_triggers\R\trigger_0012_20260512_002003_084035.wav
R,recorded_triggers\R\trigger_0012_20260512_002151_126044.wav
R,recorded_triggers\R\trigger_0012_20260512_002235_952597.wav
R,recorded_triggers\R\trigger_0012_20260512_215354_210871.wav
R,recorded_triggers\R\trigger_0013_20260512_002003_879642.wav
R,recorded_triggers\R\trigger_0013_20260512_002151_884104.wav
R,recorded_triggers\R\trigger_0013_20260512_002236_684482.wav
R,recorded_triggers\R\trigger_0013_20260512_215355_107265.wav
R,recorded_triggers\R\trigger_0014_20260512_002004_656368.wav
R,recorded_triggers\R\trigger_0014_20260512_002152_617538.wav
R,recorded_triggers\R\trigger_0014_20260512_002237_433498.wav
R,recorded_triggers\R\trigger_0014_20260512_215356_022373.wav
R,recorded_triggers\R\trigger_0015_20260512_002005_444799.wav
R,recorded_triggers\R\trigger_0015_20260512_002153_348089.wav
R,recorded_triggers\R\trigger_0015_20260512_002238_161394.wav
R,recorded_triggers\R\trigger_0015_20260512_215356_900019.wav
R,recorded_triggers\R\trigger_0016_20260512_002006_204932.wav
R,recorded_triggers\R\trigger_0016_20260512_002154_067515.wav
R,recorded_triggers\R\trigger_0016_20260512_002238_914179.wav
R,recorded_triggers\R\trigger_0016_20260512_215357_815023.wav
R,recorded_triggers\R\trigger_0017_20260512_002006_969819.wav
R,recorded_triggers\R\trigger_0017_20260512_002154_806013.wav
R,recorded_triggers\R\trigger_0017_20260512_002239_685582.wav
R,recorded_triggers\R\trigger_0017_20260512_215358_747102.wav
R,recorded_triggers\R\trigger_0018_20260512_002007_728388.wav
R,recorded_triggers\R\trigger_0018_20260512_002155_534021.wav
R,recorded_triggers\R\trigger_0018_20260512_002240_415397.wav
R,recorded_triggers\R\trigger_0018_20260512_215359_650306.wav
R,recorded_triggers\R\trigger_0019_20260512_002008_491984.wav
R,recorded_triggers\R\trigger_0019_20260512_002156_283484.wav
R,recorded_triggers\R\trigger_0019_20260512_002241_206246.wav
R,recorded_triggers\R\trigger_0019_20260512_215400_533959.wav
R,recorded_triggers\R\trigger_0020_20260512_002009_262490.wav
R,recorded_triggers\R\trigger_0020_20260512_002157_038038.wav
R,recorded_triggers\R\trigger_0020_20260512_002241_974117.wav
R,recorded_triggers\R\trigger_0020_20260512_215401_429646.wav
R,recorded_triggers\R\trigger_0021_20260512_002010_036676.wav
R,recorded_triggers\R\trigger_0021_20260512_002157_765481.wav
R,recorded_triggers\R\trigger_0021_20260512_002242_732507.wav
R,recorded_triggers\R\trigger_0021_20260512_215402_317928.wav
R,recorded_triggers\R\trigger_0022_20260512_002010_810476.wav
R,recorded_triggers\R\trigger_0022_20260512_002158_499095.wav
R,recorded_triggers\R\trigger_0022_20260512_002243_488421.wav
R,recorded_triggers\R\trigger_0022_20260512_215403_193332.wav
R,recorded_triggers\R\trigger_0023_20260512_002011_592660.wav
R,recorded_triggers\R\trigger_0023_20260512_002159_199423.wav
R,recorded_triggers\R\trigger_0023_20260512_002244_246373.wav
R,recorded_triggers\R\trigger_0023_20260512_215404_127939.wav
R,recorded_triggers\R\trigger_0024_20260512_002012_347688.wav
R,recorded_triggers\R\trigger_0024_20260512_002159_940746.wav
R,recorded_triggers\R\trigger_0024_20260512_002244_999706.wav
R,recorded_triggers\R\trigger_0024_20260512_215405_029911.wav
R,recorded_triggers\R\trigger_0025_20260512_002013_153796.wav
R,recorded_triggers\R\trigger_0025_20260512_002245_743030.wav
R,recorded_triggers\R\trigger_0025_20260512_215405_936274.wav
R,recorded_triggers\R\trigger_0026_20260512_002013_924301.wav
R,recorded_triggers\R\trigger_0026_20260512_002246_496486.wav
R,recorded_triggers\R\trigger_0026_20260512_215406_882408.wav
R,recorded_triggers\R\trigger_0027_20260512_002014_722810.wav
R,recorded_triggers\R\trigger_0027_20260512_002247_253972.wav
R,recorded_triggers\R\trigger_0027_20260512_215407_771237.wav
R,recorded_triggers\R\trigger_0028_20260512_002015_505437.wav
R,recorded_triggers\R\trigger_0028_20260512_002248_019192.wav
R,recorded_triggers\R\trigger_0028_20260512_215408_688586.wav
R,recorded_triggers\R\trigger_0029_20260512_002016_304381.wav
R,recorded_triggers\R\trigger_0029_20260512_002248_720337.wav
R,recorded_triggers\R\trigger_0029_20260512_215409_605798.wav
R,recorded_triggers\R\trigger_0030_20260512_002017_106072.wav
R,recorded_triggers\R\trigger_0030_20260512_002249_481093.wav
R,recorded_triggers\R\trigger_0030_20260512_215410_530285.wav
R,recorded_triggers\R\trigger_0031_20260512_002250_209895.wav
R,recorded_triggers\R\trigger_0032_20260512_002250_945112.wav
R,recorded_triggers\R\trigger_0033_20260512_002251_662953.wav
R,recorded_triggers\R\trigger_0034_20260512_002252_413542.wav
R,recorded_triggers\R\trigger_0035_20260512_002253_148539.wav
R,recorded_triggers\R\trigger_0036_20260512_002253_886321.wav
R,recorded_triggers\R\trigger_0037_20260512_002254_640812.wav
R,recorded_triggers\R\trigger_0038_20260512_002255_402411.wav
R,recorded_triggers\R\trigger_0039_20260512_002256_166712.wav
R,recorded_triggers\R\trigger_0040_20260512_002256_912310.wav
R,recorded_triggers\R\trigger_0041_20260512_002257_626822.wav
R,recorded_triggers\R\trigger_0042_20260512_002258_396728.wav
R,recorded_triggers\R\trigger_0043_20260512_002259_138022.wav
R,recorded_triggers\R\trigger_0044_20260512_002259_900327.wav
R,recorded_triggers\R\trigger_0045_20260512_002300_671963.wav
R,recorded_triggers\R\trigger_0046_20260512_002301_452807.wav
R,recorded_triggers\R\trigger_0047_20260512_002302_189512.wav
R,recorded_triggers\R\trigger_0048_20260512_002303_107401.wav
R,recorded_triggers\R\trigger_0049_20260512_002303_918436.wav
R,recorded_triggers\R\trigger_0050_20260512_002304_748518.wav
R,recorded_triggers\R\trigger_0051_20260512_002305_508000.wav
R,recorded_triggers\R\trigger_0052_20260512_002306_231359.wav
SP,recorded_triggers\SP\trigger_0001_20260512_002403_991571.wav
SP,recorded_triggers\SP\trigger_0001_20260512_002454_142431.wav
SP,recorded_triggers\SP\trigger_0001_20260512_215430_847306.wav
SP,recorded_triggers\SP\trigger_0002_20260512_002404_913798.wav
SP,recorded_triggers\SP\trigger_0002_20260512_002454_913604.wav
SP,recorded_triggers\SP\trigger_0002_20260512_215432_265951.wav
SP,recorded_triggers\SP\trigger_0003_20260512_002405_679985.wav
SP,recorded_triggers\SP\trigger_0003_20260512_002455_665635.wav
SP,recorded_triggers\SP\trigger_0003_20260512_215433_461063.wav
SP,recorded_triggers\SP\trigger_0004_20260512_002406_496027.wav
SP,recorded_triggers\SP\trigger_0004_20260512_002456_398528.wav
SP,recorded_triggers\SP\trigger_0004_20260512_215434_792861.wav
SP,recorded_triggers\SP\trigger_0005_20260512_002407_382634.wav
SP,recorded_triggers\SP\trigger_0005_20260512_002457_129620.wav
SP,recorded_triggers\SP\trigger_0005_20260512_215436_105948.wav
SP,recorded_triggers\SP\trigger_0006_20260512_002408_237289.wav
SP,recorded_triggers\SP\trigger_0006_20260512_002457_876575.wav
SP,recorded_triggers\SP\trigger_0006_20260512_215437_347641.wav
SP,recorded_triggers\SP\trigger_0007_20260512_002409_097049.wav
SP,recorded_triggers\SP\trigger_0007_20260512_002458_545918.wav
SP,recorded_triggers\SP\trigger_0007_20260512_215438_794060.wav
SP,recorded_triggers\SP\trigger_0008_20260512_002409_957190.wav
SP,recorded_triggers\SP\trigger_0008_20260512_002459_331520.wav
SP,recorded_triggers\SP\trigger_0008_20260512_215440_117409.wav
SP,recorded_triggers\SP\trigger_0009_20260512_002410_749795.wav
SP,recorded_triggers\SP\trigger_0009_20260512_002500_048880.wav
SP,recorded_triggers\SP\trigger_0009_20260512_215441_327096.wav
SP,recorded_triggers\SP\trigger_0010_20260512_002411_526314.wav
SP,recorded_triggers\SP\trigger_0010_20260512_002500_818532.wav
SP,recorded_triggers\SP\trigger_0010_20260512_215442_589461.wav
SP,recorded_triggers\SP\trigger_0011_20260512_002412_244021.wav
SP,recorded_triggers\SP\trigger_0011_20260512_002501_540097.wav
SP,recorded_triggers\SP\trigger_0011_20260512_215443_818181.wav
SP,recorded_triggers\SP\trigger_0012_20260512_002413_011405.wav
SP,recorded_triggers\SP\trigger_0012_20260512_002502_333778.wav
SP,recorded_triggers\SP\trigger_0012_20260512_215445_073448.wav
SP,recorded_triggers\SP\trigger_0013_20260512_002413_807614.wav
SP,recorded_triggers\SP\trigger_0013_20260512_002503_106561.wav
SP,recorded_triggers\SP\trigger_0013_20260512_215446_335951.wav
SP,recorded_triggers\SP\trigger_0014_20260512_002414_570106.wav
SP,recorded_triggers\SP\trigger_0014_20260512_002503_872652.wav
SP,recorded_triggers\SP\trigger_0014_20260512_215447_376467.wav
SP,recorded_triggers\SP\trigger_0015_20260512_002415_351644.wav
SP,recorded_triggers\SP\trigger_0015_20260512_002504_651211.wav
SP,recorded_triggers\SP\trigger_0015_20260512_215448_429629.wav
SP,recorded_triggers\SP\trigger_0016_20260512_002416_151330.wav
SP,recorded_triggers\SP\trigger_0016_20260512_002505_428963.wav
SP,recorded_triggers\SP\trigger_0016_20260512_215449_487338.wav
SP,recorded_triggers\SP\trigger_0017_20260512_002416_876437.wav
SP,recorded_triggers\SP\trigger_0017_20260512_002506_199412.wav
SP,recorded_triggers\SP\trigger_0017_20260512_215450_482836.wav
SP,recorded_triggers\SP\trigger_0018_20260512_002417_674989.wav
SP,recorded_triggers\SP\trigger_0018_20260512_002507_009170.wav
SP,recorded_triggers\SP\trigger_0018_20260512_215451_528898.wav
SP,recorded_triggers\SP\trigger_0019_20260512_002418_439508.wav
SP,recorded_triggers\SP\trigger_0019_20260512_002507_732219.wav
SP,recorded_triggers\SP\trigger_0019_20260512_215452_587737.wav
SP,recorded_triggers\SP\trigger_0020_20260512_002419_183202.wav
SP,recorded_triggers\SP\trigger_0020_20260512_002508_520675.wav
SP,recorded_triggers\SP\trigger_0020_20260512_215453_715710.wav
SP,recorded_triggers\SP\trigger_0021_20260512_002419_995378.wav
SP,recorded_triggers\SP\trigger_0021_20260512_002509_282655.wav
SP,recorded_triggers\SP\trigger_0021_20260512_215454_718529.wav
SP,recorded_triggers\SP\trigger_0022_20260512_002420_772080.wav
SP,recorded_triggers\SP\trigger_0022_20260512_002510_044739.wav
SP,recorded_triggers\SP\trigger_0022_20260512_215455_779199.wav
SP,recorded_triggers\SP\trigger_0023_20260512_002421_540387.wav
SP,recorded_triggers\SP\trigger_0023_20260512_002510_849801.wav
SP,recorded_triggers\SP\trigger_0023_20260512_215456_800698.wav
SP,recorded_triggers\SP\trigger_0024_20260512_002422_301681.wav
SP,recorded_triggers\SP\trigger_0024_20260512_002511_634783.wav
SP,recorded_triggers\SP\trigger_0024_20260512_215457_888056.wav
SP,recorded_triggers\SP\trigger_0025_20260512_002423_080535.wav
SP,recorded_triggers\SP\trigger_0025_20260512_002512_398671.wav
SP,recorded_triggers\SP\trigger_0025_20260512_215459_002567.wav
SP,recorded_triggers\SP\trigger_0026_20260512_002423_867477.wav
SP,recorded_triggers\SP\trigger_0026_20260512_002513_159816.wav
SP,recorded_triggers\SP\trigger_0026_20260512_215500_196103.wav
SP,recorded_triggers\SP\trigger_0027_20260512_002424_628231.wav
SP,recorded_triggers\SP\trigger_0027_20260512_002513_972326.wav
SP,recorded_triggers\SP\trigger_0027_20260512_215501_355333.wav
SP,recorded_triggers\SP\trigger_0028_20260512_002425_410548.wav
SP,recorded_triggers\SP\trigger_0028_20260512_002514_718679.wav
SP,recorded_triggers\SP\trigger_0028_20260512_215502_446134.wav
SP,recorded_triggers\SP\trigger_0029_20260512_002426_165911.wav
SP,recorded_triggers\SP\trigger_0029_20260512_002515_530251.wav
SP,recorded_triggers\SP\trigger_0029_20260512_215503_476615.wav
SP,recorded_triggers\SP\trigger_0030_20260512_002426_906414.wav
SP,recorded_triggers\SP\trigger_0030_20260512_002516_277189.wav
SP,recorded_triggers\SP\trigger_0030_20260512_215504_591333.wav
SP,recorded_triggers\SP\trigger_0031_20260512_002427_679033.wav
SP,recorded_triggers\SP\trigger_0031_20260512_002517_067022.wav
SP,recorded_triggers\SP\trigger_0032_20260512_002428_439080.wav
SP,recorded_triggers\SP\trigger_0032_20260512_002517_841000.wav
SP,recorded_triggers\SP\trigger_0033_20260512_002429_190532.wav
SP,recorded_triggers\SP\trigger_0033_20260512_002518_579888.wav
SP,recorded_triggers\SP\trigger_0034_20260512_002429_915265.wav
SP,recorded_triggers\SP\trigger_0034_20260512_002519_364154.wav
SP,recorded_triggers\SP\trigger_0035_20260512_002430_692526.wav
SP,recorded_triggers\SP\trigger_0035_20260512_002520_152531.wav
SP,recorded_triggers\SP\trigger_0036_20260512_002431_470716.wav
SP,recorded_triggers\SP\trigger_0036_20260512_002520_967998.wav
SP,recorded_triggers\SP\trigger_0037_20260512_002432_233061.wav
SP,recorded_triggers\SP\trigger_0037_20260512_002521_680719.wav
SP,recorded_triggers\SP\trigger_0038_20260512_002433_022560.wav
SP,recorded_triggers\SP\trigger_0038_20260512_002522_494576.wav
SP,recorded_triggers\SP\trigger_0039_20260512_002433_728945.wav
SP,recorded_triggers\SP\trigger_0039_20260512_002523_249127.wav
SP,recorded_triggers\SP\trigger_0040_20260512_002434_513986.wav
SP,recorded_triggers\SP\trigger_0040_20260512_002524_011105.wav
SP,recorded_triggers\SP\trigger_0041_20260512_002435_320189.wav
SP,recorded_triggers\SP\trigger_0041_20260512_002524_828980.wav
SP,recorded_triggers\SP\trigger_0042_20260512_002436_066826.wav
SP,recorded_triggers\SP\trigger_0042_20260512_002525_586313.wav
SP,recorded_triggers\SP\trigger_0043_20260512_002436_825539.wav
SP,recorded_triggers\SP\trigger_0043_20260512_002526_372669.wav
SP,recorded_triggers\SP\trigger_0044_20260512_002437_619246.wav
SP,recorded_triggers\SP\trigger_0044_20260512_002527_169961.wav
SP,recorded_triggers\SP\trigger_0045_20260512_002438_362231.wav
SP,recorded_triggers\SP\trigger_0045_20260512_002527_920648.wav
SP,recorded_triggers\SP\trigger_0046_20260512_002439_162558.wav
SP,recorded_triggers\SP\trigger_0046_20260512_002528_744402.wav
SP,recorded_triggers\SP\trigger_0047_20260512_002439_956025.wav
SP,recorded_triggers\SP\trigger_0047_20260512_002529_588573.wav
SP,recorded_triggers\SP\trigger_0048_20260512_002440_704988.wav
SP,recorded_triggers\SP\trigger_0048_20260512_002530_351860.wav
SP,recorded_triggers\SP\trigger_0049_20260512_002441_476447.wav
SP,recorded_triggers\SP\trigger_0049_20260512_002531_122648.wav
SP,recorded_triggers\SP\trigger_0050_20260512_002442_232068.wav
SP,recorded_triggers\SP\trigger_0050_20260512_002531_852120.wav
SP,recorded_triggers\SP\trigger_0051_20260512_002443_004701.wav
SP,recorded_triggers\SP\trigger_0051_20260512_002532_610059.wav
SP,recorded_triggers\SP\trigger_0052_20260512_002443_790624.wav
T,recorded_triggers\T\trigger_0001_20260512_002611_152861.wav
T,recorded_triggers\T\trigger_0001_20260512_002708_467613.wav
T,recorded_triggers\T\trigger_0001_20260512_215521_647481.wav
T,recorded_triggers\T\trigger_0002_20260512_002611_916830.wav
T,recorded_triggers\T\trigger_0002_20260512_002709_210500.wav
T,recorded_triggers\T\trigger_0002_20260512_215522_573001.wav
T,recorded_triggers\T\trigger_0003_20260512_002612_693600.wav
T,recorded_triggers\T\trigger_0003_20260512_002709_964388.wav
T,recorded_triggers\T\trigger_0003_20260512_215523_505968.wav
T,recorded_triggers\T\trigger_0004_20260512_002613_457618.wav
T,recorded_triggers\T\trigger_0004_20260512_002710_704770.wav
T,recorded_triggers\T\trigger_0004_20260512_215524_458484.wav
T,recorded_triggers\T\trigger_0005_20260512_002614_202872.wav
T,recorded_triggers\T\trigger_0005_20260512_002711_465726.wav
T,recorded_triggers\T\trigger_0005_20260512_215525_451029.wav
T,recorded_triggers\T\trigger_0006_20260512_002614_961033.wav
T,recorded_triggers\T\trigger_0006_20260512_002712_231404.wav
T,recorded_triggers\T\trigger_0006_20260512_215526_382034.wav
T,recorded_triggers\T\trigger_0007_20260512_002615_689588.wav
T,recorded_triggers\T\trigger_0007_20260512_002713_003289.wav
T,recorded_triggers\T\trigger_0007_20260512_215527_354001.wav
T,recorded_triggers\T\trigger_0008_20260512_002616_440666.wav
T,recorded_triggers\T\trigger_0008_20260512_002716_173007.wav
T,recorded_triggers\T\trigger_0008_20260512_215528_251208.wav
T,recorded_triggers\T\trigger_0009_20260512_002617_199041.wav
T,recorded_triggers\T\trigger_0009_20260512_002716_995603.wav
T,recorded_triggers\T\trigger_0009_20260512_215529_196338.wav
T,recorded_triggers\T\trigger_0010_20260512_002617_952501.wav
T,recorded_triggers\T\trigger_0010_20260512_002717_780808.wav
T,recorded_triggers\T\trigger_0010_20260512_215530_124436.wav
T,recorded_triggers\T\trigger_0011_20260512_002618_732760.wav
T,recorded_triggers\T\trigger_0011_20260512_002718_552387.wav
T,recorded_triggers\T\trigger_0011_20260512_215531_061753.wav
T,recorded_triggers\T\trigger_0012_20260512_002624_594350.wav
T,recorded_triggers\T\trigger_0012_20260512_002719_335014.wav
T,recorded_triggers\T\trigger_0012_20260512_215531_985279.wav
T,recorded_triggers\T\trigger_0013_20260512_002625_353402.wav
T,recorded_triggers\T\trigger_0013_20260512_002720_126024.wav
T,recorded_triggers\T\trigger_0013_20260512_215532_893897.wav
T,recorded_triggers\T\trigger_0014_20260512_002626_116700.wav
T,recorded_triggers\T\trigger_0014_20260512_002720_902419.wav
T,recorded_triggers\T\trigger_0014_20260512_215533_796599.wav
T,recorded_triggers\T\trigger_0015_20260512_002626_874613.wav
T,recorded_triggers\T\trigger_0015_20260512_002721_663398.wav
T,recorded_triggers\T\trigger_0015_20260512_215534_720420.wav
T,recorded_triggers\T\trigger_0016_20260512_002627_637787.wav
T,recorded_triggers\T\trigger_0016_20260512_002722_463331.wav
T,recorded_triggers\T\trigger_0016_20260512_215535_655812.wav
T,recorded_triggers\T\trigger_0017_20260512_002628_416184.wav
T,recorded_triggers\T\trigger_0017_20260512_002723_251159.wav
T,recorded_triggers\T\trigger_0017_20260512_215536_566394.wav
T,recorded_triggers\T\trigger_0018_20260512_002629_185839.wav
T,recorded_triggers\T\trigger_0018_20260512_002724_055005.wav
T,recorded_triggers\T\trigger_0018_20260512_215537_513517.wav
T,recorded_triggers\T\trigger_0019_20260512_002629_939303.wav
T,recorded_triggers\T\trigger_0019_20260512_002724_826466.wav
T,recorded_triggers\T\trigger_0019_20260512_215538_429929.wav
T,recorded_triggers\T\trigger_0020_20260512_002630_721410.wav
T,recorded_triggers\T\trigger_0020_20260512_002725_609234.wav
T,recorded_triggers\T\trigger_0020_20260512_215539_351503.wav
T,recorded_triggers\T\trigger_0021_20260512_002631_485305.wav
T,recorded_triggers\T\trigger_0021_20260512_002726_405917.wav
T,recorded_triggers\T\trigger_0021_20260512_215540_271305.wav
T,recorded_triggers\T\trigger_0022_20260512_002632_247269.wav
T,recorded_triggers\T\trigger_0022_20260512_002727_215127.wav
T,recorded_triggers\T\trigger_0022_20260512_215541_189845.wav
T,recorded_triggers\T\trigger_0023_20260512_002633_022418.wav
T,recorded_triggers\T\trigger_0023_20260512_002728_012885.wav
T,recorded_triggers\T\trigger_0023_20260512_215542_116306.wav
T,recorded_triggers\T\trigger_0024_20260512_002633_786845.wav
T,recorded_triggers\T\trigger_0024_20260512_002728_804076.wav
T,recorded_triggers\T\trigger_0024_20260512_215543_037158.wav
T,recorded_triggers\T\trigger_0025_20260512_002634_583933.wav
T,recorded_triggers\T\trigger_0025_20260512_002729_592018.wav
T,recorded_triggers\T\trigger_0025_20260512_215543_981123.wav
T,recorded_triggers\T\trigger_0026_20260512_002635_376194.wav
T,recorded_triggers\T\trigger_0026_20260512_002730_363817.wav
T,recorded_triggers\T\trigger_0026_20260512_215544_902738.wav
T,recorded_triggers\T\trigger_0027_20260512_002636_174054.wav
T,recorded_triggers\T\trigger_0027_20260512_002731_171310.wav
T,recorded_triggers\T\trigger_0027_20260512_215545_790723.wav
T,recorded_triggers\T\trigger_0028_20260512_002636_944914.wav
T,recorded_triggers\T\trigger_0028_20260512_002731_921406.wav
T,recorded_triggers\T\trigger_0028_20260512_215546_689177.wav
T,recorded_triggers\T\trigger_0029_20260512_002637_696749.wav
T,recorded_triggers\T\trigger_0029_20260512_002732_756940.wav
T,recorded_triggers\T\trigger_0029_20260512_215547_597965.wav
T,recorded_triggers\T\trigger_0030_20260512_002638_489329.wav
T,recorded_triggers\T\trigger_0030_20260512_002733_511165.wav
T,recorded_triggers\T\trigger_0030_20260512_215548_528556.wav
T,recorded_triggers\T\trigger_0031_20260512_002639_270357.wav
T,recorded_triggers\T\trigger_0031_20260512_002734_289692.wav
T,recorded_triggers\T\trigger_0032_20260512_002640_052290.wav
T,recorded_triggers\T\trigger_0032_20260512_002735_095376.wav
T,recorded_triggers\T\trigger_0033_20260512_002640_855995.wav
T,recorded_triggers\T\trigger_0033_20260512_002735_900998.wav
T,recorded_triggers\T\trigger_0034_20260512_002641_628236.wav
T,recorded_triggers\T\trigger_0034_20260512_002736_686479.wav
T,recorded_triggers\T\trigger_0035_20260512_002642_419669.wav
T,recorded_triggers\T\trigger_0035_20260512_002737_456051.wav
T,recorded_triggers\T\trigger_0036_20260512_002643_197487.wav
T,recorded_triggers\T\trigger_0036_20260512_002738_231289.wav
T,recorded_triggers\T\trigger_0037_20260512_002643_970349.wav
T,recorded_triggers\T\trigger_0037_20260512_002739_046460.wav
T,recorded_triggers\T\trigger_0038_20260512_002644_722863.wav
T,recorded_triggers\T\trigger_0038_20260512_002739_833145.wav
T,recorded_triggers\T\trigger_0039_20260512_002645_500555.wav
T,recorded_triggers\T\trigger_0039_20260512_002740_616412.wav
T,recorded_triggers\T\trigger_0040_20260512_002646_269410.wav
T,recorded_triggers\T\trigger_0040_20260512_002741_407575.wav
T,recorded_triggers\T\trigger_0041_20260512_002647_064932.wav
T,recorded_triggers\T\trigger_0041_20260512_002742_195714.wav
T,recorded_triggers\T\trigger_0042_20260512_002647_840205.wav
T,recorded_triggers\T\trigger_0042_20260512_002743_010381.wav
T,recorded_triggers\T\trigger_0043_20260512_002648_614731.wav
T,recorded_triggers\T\trigger_0043_20260512_002743_806564.wav
T,recorded_triggers\T\trigger_0044_20260512_002649_379517.wav
T,recorded_triggers\T\trigger_0044_20260512_002744_590049.wav
T,recorded_triggers\T\trigger_0045_20260512_002650_155183.wav
T,recorded_triggers\T\trigger_0045_20260512_002745_373389.wav
T,recorded_triggers\T\trigger_0046_20260512_002650_941953.wav
T,recorded_triggers\T\trigger_0046_20260512_002746_148065.wav
T,recorded_triggers\T\trigger_0047_20260512_002651_730268.wav
T,recorded_triggers\T\trigger_0047_20260512_002746_937493.wav
T,recorded_triggers\T\trigger_0048_20260512_002652_487411.wav
T,recorded_triggers\T\trigger_0048_20260512_002747_750062.wav
T,recorded_triggers\T\trigger_0049_20260512_002653_257782.wav
T,recorded_triggers\T\trigger_0049_20260512_002748_559171.wav
T,recorded_triggers\T\trigger_0050_20260512_002654_048717.wav
T,recorded_triggers\T\trigger_0050_20260512_002749_336355.wav
T,recorded_triggers\T\trigger_0051_20260512_002654_829810.wav
T,recorded_triggers\T\trigger_0051_20260512_002750_113115.wav
W,recorded_triggers\W\trigger_0001_20260512_002822_920026.wav
W,recorded_triggers\W\trigger_0001_20260512_002926_840225.wav
W,recorded_triggers\W\trigger_0001_20260512_215605_857838.wav
W,recorded_triggers\W\trigger_0002_20260512_002823_776316.wav
W,recorded_triggers\W\trigger_0002_20260512_002927_598726.wav
W,recorded_triggers\W\trigger_0002_20260512_215607_060625.wav
W,recorded_triggers\W\trigger_0003_20260512_002824_542024.wav
W,recorded_triggers\W\trigger_0003_20260512_002928_344610.wav
W,recorded_triggers\W\trigger_0003_20260512_215608_090181.wav
W,recorded_triggers\W\trigger_0004_20260512_002825_345176.wav
W,recorded_triggers\W\trigger_0004_20260512_002929_116581.wav
W,recorded_triggers\W\trigger_0004_20260512_215609_105431.wav
W,recorded_triggers\W\trigger_0005_20260512_002826_158460.wav
W,recorded_triggers\W\trigger_0005_20260512_002929_885398.wav
W,recorded_triggers\W\trigger_0005_20260512_215610_131412.wav
W,recorded_triggers\W\trigger_0006_20260512_002826_940325.wav
W,recorded_triggers\W\trigger_0006_20260512_002930_668093.wav
W,recorded_triggers\W\trigger_0006_20260512_215611_184979.wav
W,recorded_triggers\W\trigger_0007_20260512_002827_722845.wav
W,recorded_triggers\W\trigger_0007_20260512_002931_448448.wav
W,recorded_triggers\W\trigger_0007_20260512_215612_157589.wav
W,recorded_triggers\W\trigger_0008_20260512_002841_524481.wav
W,recorded_triggers\W\trigger_0008_20260512_002932_251016.wav
W,recorded_triggers\W\trigger_0008_20260512_215613_196883.wav
W,recorded_triggers\W\trigger_0009_20260512_002842_311148.wav
W,recorded_triggers\W\trigger_0009_20260512_002933_014642.wav
W,recorded_triggers\W\trigger_0009_20260512_215614_202243.wav
W,recorded_triggers\W\trigger_0010_20260512_002843_112144.wav
W,recorded_triggers\W\trigger_0010_20260512_002933_815733.wav
W,recorded_triggers\W\trigger_0010_20260512_215615_213324.wav
W,recorded_triggers\W\trigger_0011_20260512_002843_899773.wav
W,recorded_triggers\W\trigger_0011_20260512_002934_561522.wav
W,recorded_triggers\W\trigger_0011_20260512_215616_243600.wav
W,recorded_triggers\W\trigger_0012_20260512_002844_711374.wav
W,recorded_triggers\W\trigger_0012_20260512_002935_315433.wav
W,recorded_triggers\W\trigger_0012_20260512_215617_267482.wav
W,recorded_triggers\W\trigger_0013_20260512_002845_492987.wav
W,recorded_triggers\W\trigger_0013_20260512_002936_095513.wav
W,recorded_triggers\W\trigger_0013_20260512_215618_315584.wav
W,recorded_triggers\W\trigger_0014_20260512_002846_269640.wav
W,recorded_triggers\W\trigger_0014_20260512_002936_823045.wav
W,recorded_triggers\W\trigger_0014_20260512_215619_395441.wav
W,recorded_triggers\W\trigger_0015_20260512_002847_039963.wav
W,recorded_triggers\W\trigger_0015_20260512_002937_603747.wav
W,recorded_triggers\W\trigger_0015_20260512_215620_420371.wav
W,recorded_triggers\W\trigger_0016_20260512_002847_799523.wav
W,recorded_triggers\W\trigger_0016_20260512_002938_362712.wav
W,recorded_triggers\W\trigger_0016_20260512_215621_479799.wav
W,recorded_triggers\W\trigger_0017_20260512_002848_595567.wav
W,recorded_triggers\W\trigger_0017_20260512_002939_134010.wav
W,recorded_triggers\W\trigger_0017_20260512_215622_521653.wav
W,recorded_triggers\W\trigger_0018_20260512_002849_370771.wav
W,recorded_triggers\W\trigger_0018_20260512_002939_895901.wav
W,recorded_triggers\W\trigger_0018_20260512_215623_558695.wav
W,recorded_triggers\W\trigger_0019_20260512_002850_158523.wav
W,recorded_triggers\W\trigger_0019_20260512_002940_675728.wav
W,recorded_triggers\W\trigger_0019_20260512_215624_616702.wav
W,recorded_triggers\W\trigger_0020_20260512_002850_946368.wav
W,recorded_triggers\W\trigger_0020_20260512_002941_455000.wav
W,recorded_triggers\W\trigger_0020_20260512_215625_607158.wav
W,recorded_triggers\W\trigger_0021_20260512_002851_721523.wav
W,recorded_triggers\W\trigger_0021_20260512_002942_239417.wav
W,recorded_triggers\W\trigger_0021_20260512_215626_676401.wav
W,recorded_triggers\W\trigger_0022_20260512_002852_521150.wav
W,recorded_triggers\W\trigger_0022_20260512_002942_982052.wav
W,recorded_triggers\W\trigger_0022_20260512_215627_647315.wav
W,recorded_triggers\W\trigger_0023_20260512_002853_322146.wav
W,recorded_triggers\W\trigger_0023_20260512_002943_752339.wav
W,recorded_triggers\W\trigger_0023_20260512_215628_722494.wav
W,recorded_triggers\W\trigger_0024_20260512_002854_083328.wav
W,recorded_triggers\W\trigger_0024_20260512_002944_529241.wav
W,recorded_triggers\W\trigger_0024_20260512_215629_720730.wav
W,recorded_triggers\W\trigger_0025_20260512_002854_883638.wav
W,recorded_triggers\W\trigger_0025_20260512_002945_305057.wav
W,recorded_triggers\W\trigger_0025_20260512_215630_739609.wav
W,recorded_triggers\W\trigger_0026_20260512_002855_679649.wav
W,recorded_triggers\W\trigger_0026_20260512_002946_077930.wav
W,recorded_triggers\W\trigger_0026_20260512_215631_784894.wav
W,recorded_triggers\W\trigger_0027_20260512_002856_439408.wav
W,recorded_triggers\W\trigger_0027_20260512_002946_837068.wav
W,recorded_triggers\W\trigger_0027_20260512_215632_828967.wav
W,recorded_triggers\W\trigger_0028_20260512_002857_254130.wav
W,recorded_triggers\W\trigger_0028_20260512_002947_610724.wav
W,recorded_triggers\W\trigger_0028_20260512_215633_837403.wav
W,recorded_triggers\W\trigger_0029_20260512_002858_038482.wav
W,recorded_triggers\W\trigger_0029_20260512_002948_379182.wav
W,recorded_triggers\W\trigger_0029_20260512_215634_893843.wav
W,recorded_triggers\W\trigger_0030_20260512_002858_824000.wav
W,recorded_triggers\W\trigger_0030_20260512_002949_128949.wav
W,recorded_triggers\W\trigger_0030_20260512_215635_944207.wav
W,recorded_triggers\W\trigger_0031_20260512_002859_621818.wav
W,recorded_triggers\W\trigger_0031_20260512_002949_894271.wav
W,recorded_triggers\W\trigger_0032_20260512_002900_414255.wav
W,recorded_triggers\W\trigger_0032_20260512_002950_668494.wav
W,recorded_triggers\W\trigger_0033_20260512_002901_221069.wav
W,recorded_triggers\W\trigger_0033_20260512_002951_423456.wav
W,recorded_triggers\W\trigger_0034_20260512_002902_000935.wav
W,recorded_triggers\W\trigger_0034_20260512_002952_201941.wav
W,recorded_triggers\W\trigger_0035_20260512_002902_792128.wav
W,recorded_triggers\W\trigger_0035_20260512_002952_968071.wav
W,recorded_triggers\W\trigger_0036_20260512_002903_579782.wav
W,recorded_triggers\W\trigger_0036_20260512_002953_735479.wav
W,recorded_triggers\W\trigger_0037_20260512_002904_368320.wav
W,recorded_triggers\W\trigger_0037_20260512_002954_492641.wav
W,recorded_triggers\W\trigger_0038_20260512_002905_143709.wav
W,recorded_triggers\W\trigger_0038_20260512_002955_256463.wav
W,recorded_triggers\W\trigger_0039_20260512_002905_939919.wav
W,recorded_triggers\W\trigger_0039_20260512_002956_034070.wav
W,recorded_triggers\W\trigger_0040_20260512_002906_729948.wav
W,recorded_triggers\W\trigger_0040_20260512_002956_800379.wav
W,recorded_triggers\W\trigger_0041_20260512_002907_529760.wav
W,recorded_triggers\W\trigger_0041_20260512_002957_592019.wav
W,recorded_triggers\W\trigger_0042_20260512_002908_315738.wav
W,recorded_triggers\W\trigger_0042_20260512_002958_368385.wav
W,recorded_triggers\W\trigger_0043_20260512_002909_120008.wav
W,recorded_triggers\W\trigger_0043_20260512_002959_130924.wav
W,recorded_triggers\W\trigger_0044_20260512_002909_925418.wav
W,recorded_triggers\W\trigger_0044_20260512_002959_933973.wav
W,recorded_triggers\W\trigger_0045_20260512_002911_473521.wav
W,recorded_triggers\W\trigger_0045_20260512_003000_710990.wav
W,recorded_triggers\W\trigger_0046_20260512_002912_310778.wav
W,recorded_triggers\W\trigger_0046_20260512_003001_492601.wav
W,recorded_triggers\W\trigger_0047_20260512_002913_135746.wav
W,recorded_triggers\W\trigger_0047_20260512_003002_264300.wav
W,recorded_triggers\W\trigger_0048_20260512_002913_906928.wav
W,recorded_triggers\W\trigger_0048_20260512_003003_037708.wav
W,recorded_triggers\W\trigger_0049_20260512_002914_688249.wav
W,recorded_triggers\W\trigger_0049_20260512_003003_792481.wav
W,recorded_triggers\W\trigger_0050_20260512_002915_484485.wav
W,recorded_triggers\W\trigger_0050_20260512_003004_531778.wav
W,recorded_triggers\W\trigger_0051_20260512_002916_270203.wav
W,recorded_triggers\W\trigger_0051_20260512_003005_274717.wav
W,recorded_triggers\W\trigger_0052_20260512_002917_063561.wav
W,recorded_triggers\W\trigger_0052_20260512_003006_037377.wav
Y,recorded_triggers\Y\trigger_0001_20260512_003039_917759.wav
Y,recorded_triggers\Y\trigger_0001_20260512_003200_890382.wav
Y,recorded_triggers\Y\trigger_0001_20260512_003242_397464.wav
Y,recorded_triggers\Y\trigger_0001_20260512_215652_672947.wav
Y,recorded_triggers\Y\trigger_0002_20260512_003040_669671.wav
Y,recorded_triggers\Y\trigger_0002_20260512_003201_658939.wav
Y,recorded_triggers\Y\trigger_0002_20260512_003243_152086.wav
Y,recorded_triggers\Y\trigger_0002_20260512_215653_701316.wav
Y,recorded_triggers\Y\trigger_0003_20260512_003041_415721.wav
Y,recorded_triggers\Y\trigger_0003_20260512_003202_413582.wav
Y,recorded_triggers\Y\trigger_0003_20260512_003243_925352.wav
Y,recorded_triggers\Y\trigger_0003_20260512_215654_654956.wav
Y,recorded_triggers\Y\trigger_0004_20260512_003042_163474.wav
Y,recorded_triggers\Y\trigger_0004_20260512_003203_167673.wav
Y,recorded_triggers\Y\trigger_0004_20260512_003244_713391.wav
Y,recorded_triggers\Y\trigger_0004_20260512_215655_639910.wav
Y,recorded_triggers\Y\trigger_0005_20260512_003042_892307.wav
Y,recorded_triggers\Y\trigger_0005_20260512_003203_951911.wav
Y,recorded_triggers\Y\trigger_0005_20260512_003245_478532.wav
Y,recorded_triggers\Y\trigger_0005_20260512_215656_621017.wav
Y,recorded_triggers\Y\trigger_0006_20260512_003043_605161.wav
Y,recorded_triggers\Y\trigger_0006_20260512_003204_716160.wav
Y,recorded_triggers\Y\trigger_0006_20260512_003246_264949.wav
Y,recorded_triggers\Y\trigger_0006_20260512_215657_584752.wav
Y,recorded_triggers\Y\trigger_0007_20260512_003044_329420.wav
Y,recorded_triggers\Y\trigger_0007_20260512_003205_460460.wav
Y,recorded_triggers\Y\trigger_0007_20260512_003247_054299.wav
Y,recorded_triggers\Y\trigger_0007_20260512_215658_589347.wav
Y,recorded_triggers\Y\trigger_0008_20260512_003045_069499.wav
Y,recorded_triggers\Y\trigger_0008_20260512_003206_204802.wav
Y,recorded_triggers\Y\trigger_0008_20260512_003247_872572.wav
Y,recorded_triggers\Y\trigger_0008_20260512_215659_594865.wav
Y,recorded_triggers\Y\trigger_0009_20260512_003045_807210.wav
Y,recorded_triggers\Y\trigger_0009_20260512_003206_941650.wav
Y,recorded_triggers\Y\trigger_0009_20260512_003248_662491.wav
Y,recorded_triggers\Y\trigger_0009_20260512_215700_537668.wav
Y,recorded_triggers\Y\trigger_0010_20260512_003046_514378.wav
Y,recorded_triggers\Y\trigger_0010_20260512_003207_650930.wav
Y,recorded_triggers\Y\trigger_0010_20260512_003249_443809.wav
Y,recorded_triggers\Y\trigger_0010_20260512_215701_541837.wav
Y,recorded_triggers\Y\trigger_0011_20260512_003047_214971.wav
Y,recorded_triggers\Y\trigger_0011_20260512_003208_386259.wav
Y,recorded_triggers\Y\trigger_0011_20260512_003250_294398.wav
Y,recorded_triggers\Y\trigger_0011_20260512_215702_506456.wav
Y,recorded_triggers\Y\trigger_0012_20260512_003047_930848.wav
Y,recorded_triggers\Y\trigger_0012_20260512_003209_128589.wav
Y,recorded_triggers\Y\trigger_0012_20260512_003251_076964.wav
Y,recorded_triggers\Y\trigger_0012_20260512_215703_493858.wav
Y,recorded_triggers\Y\trigger_0013_20260512_003048_679681.wav
Y,recorded_triggers\Y\trigger_0013_20260512_003209_892309.wav
Y,recorded_triggers\Y\trigger_0013_20260512_003251_887186.wav
Y,recorded_triggers\Y\trigger_0013_20260512_215704_459236.wav
Y,recorded_triggers\Y\trigger_0014_20260512_003049_425030.wav
Y,recorded_triggers\Y\trigger_0014_20260512_003210_627456.wav
Y,recorded_triggers\Y\trigger_0014_20260512_003253_653294.wav
Y,recorded_triggers\Y\trigger_0014_20260512_215705_420333.wav
Y,recorded_triggers\Y\trigger_0015_20260512_003050_198960.wav
Y,recorded_triggers\Y\trigger_0015_20260512_003211_388414.wav
Y,recorded_triggers\Y\trigger_0015_20260512_003254_464411.wav
Y,recorded_triggers\Y\trigger_0015_20260512_215706_397368.wav
Y,recorded_triggers\Y\trigger_0016_20260512_003050_941920.wav
Y,recorded_triggers\Y\trigger_0016_20260512_003212_164550.wav
Y,recorded_triggers\Y\trigger_0016_20260512_003255_323391.wav
Y,recorded_triggers\Y\trigger_0016_20260512_215707_424927.wav
Y,recorded_triggers\Y\trigger_0017_20260512_003051_595434.wav
Y,recorded_triggers\Y\trigger_0017_20260512_003212_913308.wav
Y,recorded_triggers\Y\trigger_0017_20260512_003256_157099.wav
Y,recorded_triggers\Y\trigger_0017_20260512_215708_419959.wav
Y,recorded_triggers\Y\trigger_0018_20260512_003213_688524.wav
Y,recorded_triggers\Y\trigger_0018_20260512_003256_992672.wav
Y,recorded_triggers\Y\trigger_0018_20260512_215709_446177.wav
Y,recorded_triggers\Y\trigger_0019_20260512_003214_448212.wav
Y,recorded_triggers\Y\trigger_0019_20260512_003257_773463.wav
Y,recorded_triggers\Y\trigger_0019_20260512_215710_433087.wav
Y,recorded_triggers\Y\trigger_0020_20260512_003215_205571.wav
Y,recorded_triggers\Y\trigger_0020_20260512_003258_556561.wav
Y,recorded_triggers\Y\trigger_0020_20260512_215711_411432.wav
Y,recorded_triggers\Y\trigger_0021_20260512_003215_973594.wav
Y,recorded_triggers\Y\trigger_0021_20260512_003259_359833.wav
Y,recorded_triggers\Y\trigger_0021_20260512_215712_378357.wav
Y,recorded_triggers\Y\trigger_0022_20260512_003216_722963.wav
Y,recorded_triggers\Y\trigger_0022_20260512_003300_125098.wav
Y,recorded_triggers\Y\trigger_0022_20260512_215713_368072.wav
Y,recorded_triggers\Y\trigger_0023_20260512_003217_465195.wav
Y,recorded_triggers\Y\trigger_0023_20260512_003300_926878.wav
Y,recorded_triggers\Y\trigger_0023_20260512_215714_350187.wav
Y,recorded_triggers\Y\trigger_0024_20260512_003218_211554.wav
Y,recorded_triggers\Y\trigger_0024_20260512_003301_737322.wav
Y,recorded_triggers\Y\trigger_0024_20260512_215715_316608.wav
Y,recorded_triggers\Y\trigger_0025_20260512_003218_971847.wav
Y,recorded_triggers\Y\trigger_0025_20260512_003302_553942.wav
Y,recorded_triggers\Y\trigger_0025_20260512_215716_304946.wav
Y,recorded_triggers\Y\trigger_0026_20260512_003219_736782.wav
Y,recorded_triggers\Y\trigger_0026_20260512_003303_376642.wav
Y,recorded_triggers\Y\trigger_0026_20260512_215717_292588.wav
Y,recorded_triggers\Y\trigger_0027_20260512_003220_483767.wav
Y,recorded_triggers\Y\trigger_0027_20260512_003304_162134.wav
Y,recorded_triggers\Y\trigger_0027_20260512_215718_272627.wav
Y,recorded_triggers\Y\trigger_0028_20260512_003221_234479.wav
Y,recorded_triggers\Y\trigger_0028_20260512_003304_962259.wav
Y,recorded_triggers\Y\trigger_0028_20260512_215719_239716.wav
Y,recorded_triggers\Y\trigger_0029_20260512_003222_006427.wav
Y,recorded_triggers\Y\trigger_0029_20260512_003305_774253.wav
Y,recorded_triggers\Y\trigger_0029_20260512_215720_124030.wav
Y,recorded_triggers\Y\trigger_0030_20260512_003222_759321.wav
Y,recorded_triggers\Y\trigger_0030_20260512_003306_597763.wav
Y,recorded_triggers\Y\trigger_0030_20260512_215721_176202.wav
Y,recorded_triggers\Y\trigger_0031_20260512_003223_487397.wav
Y,recorded_triggers\Y\trigger_0031_20260512_003307_414789.wav
Y,recorded_triggers\Y\trigger_0032_20260512_003224_268076.wav
Y,recorded_triggers\Y\trigger_0032_20260512_003308_213914.wav
Y,recorded_triggers\Y\trigger_0033_20260512_003225_018860.wav
Y,recorded_triggers\Y\trigger_0033_20260512_003309_015415.wav
Y,recorded_triggers\Y\trigger_0034_20260512_003225_757182.wav
Y,recorded_triggers\Y\trigger_0034_20260512_003309_843762.wav
Y,recorded_triggers\Y\trigger_0035_20260512_003226_504392.wav
Y,recorded_triggers\Y\trigger_0035_20260512_003310_649892.wav
Y,recorded_triggers\Y\trigger_0036_20260512_003227_257840.wav
Y,recorded_triggers\Y\trigger_0036_20260512_003311_463321.wav
Y,recorded_triggers\Y\trigger_0037_20260512_003228_012840.wav
Y,recorded_triggers\Y\trigger_0037_20260512_003312_308753.wav
Y,recorded_triggers\Y\trigger_0038_20260512_003228_771406.wav
Y,recorded_triggers\Y\trigger_0038_20260512_003313_143709.wav
Y,recorded_triggers\Y\trigger_0039_20260512_003229_530196.wav
Y,recorded_triggers\Y\trigger_0039_20260512_003313_959559.wav
Y,recorded_triggers\Y\trigger_0040_20260512_003230_243121.wav
Y,recorded_triggers\Y\trigger_0040_20260512_003314_776544.wav
Y,recorded_triggers\Y\trigger_0041_20260512_003315_606202.wav
Y,recorded_triggers\Y\trigger_0042_20260512_003316_417098.wav
Y,recorded_triggers\Y\trigger_0043_20260512_003317_205972.wav
Y,recorded_triggers\Y\trigger_0044_20260512_003318_025898.wav
Y,recorded_triggers\Y\trigger_0045_20260512_003318_855137.wav
Y,recorded_triggers\Y\trigger_0046_20260512_003319_650474.wav
Y,recorded_triggers\Y\trigger_0047_20260512_003320_491607.wav
Y,recorded_triggers\Y\trigger_0048_20260512_003321_302787.wav
Y,recorded_triggers\Y\trigger_0049_20260512_003322_119836.wav
Y,recorded_triggers\Y\trigger_0050_20260512_003323_881105.wav
Y,recorded_triggers\Y\trigger_0051_20260512_003324_795242.wav
Y,recorded_triggers\Y\trigger_0052_20260512_003325_620909.wav
Y,recorded_triggers\Y\trigger_0053_20260512_003326_492694.wav
Y,recorded_triggers\Y\trigger_0054_20260512_003327_350254.wav
